respondent_id,age,sex,posting_freq,viewing_freq,ghq12_score,platform_primary,push_on,perceived_ad_freq,engagement_type
1,22,1,4,1,22,Twitter,True,3,Writer
2,70,1,2,6,25,Instagram,True,3,Mixed
3,61,1,1,7,23,Twitter,True,2,ROM
4,46,1,2,7,27,Other,False,1,Mixed
5,46,0,0,6,15,TikTok,True,4,ROM
6,76,1,3,7,20,Other,True,3,Writer
7,22,0,3,7,23,TikTok,False,3,Writer
8,64,1,0,7,16,Facebook,True,3,ROM
9,30,0,0,7,22,TikTok,True,3,ROM
10,22,1,1,5,20,Facebook,True,4,ROM
11,52,0,2,7,27,Facebook,True,5,Mixed
12,84,0,5,6,12,Instagram,True,5,Writer
13,67,1,1,7,29,Facebook,False,5,ROM
14,69,0,1,4,15,Instagram,True,4,ROM
15,66,1,0,6,20,Facebook,True,3,ROM
16,71,1,3,7,16,Instagram,True,5,Writer
17,51,0,5,6,12,Facebook,True,2,Writer
18,24,0,0,6,20,Instagram,True,2,ROM
19,74,1,0,7,19,Instagram,True,2,ROM
20,47,1,0,5,23,Facebook,True,3,ROM
21,51,0,3,6,15,Instagram,False,5,Writer
22,41,0,7,7,11,Other,True,2,Writer
23,28,0,1,4,14,Twitter,False,3,ROM
24,80,0,2,5,20,Twitter,True,1,Mixed
25,70,0,1,6,19,Instagram,True,3,ROM
26,61,1,0,7,23,TikTok,True,3,ROM
27,44,0,1,3,18,Facebook,True,2,ROM
28,73,1,4,6,24,Twitter,True,3,Writer
29,54,0,2,7,18,Instagram,False,4,Mixed
30,47,1,2,7,17,TikTok,True,4,Mixed
31,47,0,2,7,20,Reddit,True,5,Mixed
32,31,0,0,5,19,Twitter,False,1,ROM
33,22,1,1,5,12,Instagram,True,5,ROM
34,54,0,2,7,16,Instagram,True,5,Mixed
35,78,1,1,6,19,Instagram,True,1,ROM
36,20,0,0,6,17,TikTok,True,3,ROM
37,76,1,0,6,19,Other,False,5,ROM
38,73,1,4,7,24,Other,True,3,Writer
39,35,1,2,6,13,TikTok,True,4,Mixed
40,60,1,2,6,14,Instagram,False,3,Mixed
41,27,1,3,6,17,Other,True,3,Writer
42,69,0,2,7,20,Twitter,True,1,Mixed
43,65,0,6,6,11,Twitter,True,2,Writer
44,40,0,4,5,13,Facebook,True,5,Writer
45,20,1,0,6,18,Instagram,True,1,ROM
46,83,1,1,6,21,TikTok,True,3,ROM
47,47,1,1,6,21,Other,True,3,ROM
48,78,0,0,5,17,TikTok,False,2,ROM
49,63,0,3,7,25,TikTok,False,3,Writer
50,70,1,0,6,24,Twitter,False,2,ROM
51,69,0,1,7,18,Instagram,True,1,ROM
52,29,1,2,7,20,TikTok,False,1,Mixed
53,41,1,1,4,18,Facebook,True,5,ROM
54,48,1,0,6,26,Reddit,False,5,ROM
55,50,1,1,6,18,Instagram,False,2,ROM
56,19,0,0,6,21,Twitter,True,2,ROM
57,54,0,1,6,19,Twitter,True,1,ROM
58,26,1,1,6,25,Facebook,False,4,ROM
59,68,0,1,6,25,TikTok,False,3,ROM
60,63,0,1,7,22,Other,True,2,ROM
61,80,0,0,7,21,Instagram,False,2,ROM
62,68,0,5,7,20,Facebook,True,5,Writer
63,41,1,2,5,18,Instagram,True,4,Mixed
64,83,0,1,4,25,Instagram,True,1,ROM
65,44,1,2,6,20,Twitter,False,3,Mixed
66,38,0,1,6,17,Facebook,True,5,ROM
67,79,1,4,3,15,Facebook,True,1,Writer
68,41,0,0,6,14,Twitter,True,3,ROM
69,21,1,0,6,22,Facebook,True,3,ROM
70,48,1,2,6,17,TikTok,True,4,Mixed
71,71,0,1,6,24,Instagram,True,3,ROM
72,29,0,1,6,13,Twitter,False,2,ROM
73,48,1,6,6,18,TikTok,True,4,Writer
74,25,0,2,4,20,TikTok,True,2,Mixed
75,64,0,1,6,11,TikTok,True,4,ROM
76,49,1,2,6,28,Instagram,True,5,Mixed
77,39,0,0,7,19,Facebook,True,4,ROM
78,31,1,1,7,21,Reddit,True,5,ROM
79,55,0,0,7,23,Twitter,True,3,ROM
80,62,1,0,7,26,Twitter,True,2,ROM
81,81,1,2,5,21,Other,True,2,Mixed
82,46,0,1,5,22,Instagram,False,4,ROM
83,27,0,1,5,19,TikTok,True,4,ROM
84,74,0,1,7,28,Reddit,True,4,ROM
85,60,0,0,6,22,Instagram,True,3,ROM
86,65,0,0,7,30,TikTok,True,4,ROM
87,22,0,0,6,22,Facebook,True,3,ROM
88,37,0,1,4,9,Reddit,False,2,ROM
89,69,1,2,6,31,Reddit,True,3,Mixed
90,74,1,6,7,17,Reddit,True,4,Writer
91,46,1,3,6,25,Instagram,True,2,Writer
92,72,0,7,3,14,TikTok,True,5,Writer
93,74,1,2,4,23,Reddit,False,2,Mixed
94,43,1,0,5,17,Facebook,True,2,ROM
95,78,0,0,7,25,Facebook,True,3,ROM
96,36,1,1,7,20,Instagram,True,4,ROM
97,32,1,1,7,27,Reddit,True,5,ROM
98,63,0,0,7,23,Instagram,True,2,ROM
99,60,0,0,7,25,Twitter,True,5,ROM
100,25,1,2,5,9,Reddit,True,3,Mixed
101,74,1,1,6,21,Reddit,True,4,ROM
102,29,1,2,5,19,Other,True,4,Mixed
103,72,0,2,6,20,Facebook,True,3,Mixed
104,16,0,1,7,22,Instagram,True,5,ROM
105,71,1,1,6,20,Facebook,False,2,ROM
106,71,0,1,7,21,Instagram,True,2,ROM
107,70,1,1,5,25,Reddit,False,2,ROM
108,62,1,4,7,11,Facebook,False,3,Writer
109,49,0,2,7,22,Twitter,True,4,Mixed
110,65,1,2,5,18,Instagram,True,5,Mixed
111,35,1,2,5,14,Twitter,False,3,Mixed
112,70,1,1,5,22,Reddit,True,2,ROM
113,54,0,1,6,24,TikTok,True,4,ROM
114,48,0,0,7,25,Instagram,True,3,ROM
115,51,0,1,5,17,Instagram,True,4,ROM
116,55,1,1,5,23,Twitter,False,4,ROM
117,18,1,1,5,21,Instagram,False,1,ROM
118,25,0,0,5,17,Reddit,False,5,ROM
119,33,1,0,6,18,Facebook,False,2,ROM
120,24,0,1,4,13,Instagram,True,3,ROM
121,46,0,0,5,22,TikTok,True,5,ROM
122,62,1,1,7,22,Twitter,False,3,ROM
123,61,0,1,7,17,Instagram,False,5,ROM
124,48,1,1,6,14,Facebook,False,2,ROM
125,75,1,0,5,25,Instagram,False,3,ROM
126,55,0,2,6,16,Facebook,True,5,Mixed
127,21,1,4,7,19,TikTok,True,3,Writer
128,69,0,1,7,26,Reddit,False,3,ROM
129,56,0,1,7,15,Twitter,True,2,ROM
130,60,0,0,7,21,Facebook,True,5,ROM
131,55,0,0,7,20,Instagram,True,4,ROM
132,54,1,2,7,23,Facebook,True,1,Mixed
133,22,1,4,6,22,Instagram,True,2,Writer
134,55,0,5,6,11,Facebook,True,5,Writer
135,71,0,0,4,21,Instagram,True,5,ROM
136,37,1,2,6,23,Reddit,True,4,Mixed
137,58,1,1,7,21,Reddit,True,3,ROM
138,18,1,0,6,19,Twitter,True,3,ROM
139,40,1,1,7,23,TikTok,False,3,ROM
140,46,0,0,7,22,Instagram,True,2,ROM
141,84,1,1,7,26,TikTok,True,4,ROM
142,31,0,2,7,21,Instagram,True,4,Mixed
143,35,0,1,6,14,Instagram,True,3,ROM
144,44,0,1,7,24,Facebook,False,4,ROM
145,85,1,1,7,28,Facebook,True,5,ROM
146,75,1,0,6,23,Facebook,True,5,ROM
147,18,0,5,5,8,Facebook,False,4,Writer
148,32,0,2,6,17,Instagram,True,3,Mixed
149,73,1,0,7,24,Instagram,False,2,ROM
150,20,0,0,6,14,Facebook,False,1,ROM
151,75,1,0,7,22,Facebook,True,3,ROM
152,35,0,0,6,13,Instagram,False,3,ROM
153,80,1,0,5,24,Twitter,True,2,ROM
154,36,1,1,6,21,Facebook,True,2,ROM
155,46,0,0,7,14,Facebook,True,2,ROM
156,62,1,2,4,20,TikTok,True,2,Mixed
157,24,1,1,6,19,Twitter,True,3,ROM
158,54,1,0,7,25,Facebook,True,3,ROM
159,51,1,2,7,19,Facebook,True,2,Mixed
160,70,0,2,5,15,Twitter,True,2,Mixed
161,85,1,4,7,18,Instagram,True,3,Writer
162,62,0,0,6,18,Instagram,True,4,ROM
163,44,0,0,6,19,TikTok,True,3,ROM
164,44,1,0,7,23,Instagram,True,3,ROM
165,45,1,1,7,21,Facebook,False,4,ROM
166,72,0,3,6,17,Facebook,True,5,Writer
167,38,0,5,6,14,Twitter,False,5,Writer
168,27,0,1,5,27,TikTok,True,5,ROM
169,39,0,3,7,15,Facebook,True,5,Writer
170,17,1,6,7,14,Instagram,False,4,Writer
171,23,1,0,4,31,TikTok,True,5,ROM
172,22,0,4,6,17,Facebook,True,5,Writer
173,70,1,1,7,17,Twitter,True,4,ROM
174,66,0,0,2,19,TikTok,True,5,ROM
175,64,1,1,4,15,Facebook,True,4,ROM
176,48,0,4,6,21,Twitter,True,5,Writer
177,66,1,1,6,21,Other,True,3,ROM
178,27,1,1,7,19,Facebook,False,4,ROM
179,79,1,0,7,30,Facebook,True,4,ROM
180,51,1,0,6,24,Instagram,True,3,ROM
181,81,0,4,7,24,Instagram,False,4,Writer
182,26,1,1,7,22,Twitter,True,2,ROM
183,50,1,0,7,21,Facebook,False,2,ROM
184,64,1,1,1,18,Facebook,True,4,ROM
185,50,1,0,6,26,TikTok,True,3,ROM
186,47,0,0,7,21,Instagram,False,1,ROM
187,27,1,1,7,28,TikTok,True,4,ROM
188,42,0,3,5,20,TikTok,False,5,Writer
189,32,1,3,0,13,TikTok,True,5,Writer
190,37,0,2,6,19,TikTok,False,2,Mixed
191,63,1,2,7,22,Reddit,True,4,Mixed
192,60,1,0,2,12,Instagram,True,1,ROM
193,58,0,0,6,20,Facebook,True,2,ROM
194,41,0,3,7,19,Other,False,5,Writer
195,83,0,1,6,19,Facebook,True,3,ROM
196,22,1,4,6,19,Instagram,True,5,Writer
197,39,1,1,6,20,Other,False,4,ROM
198,24,0,2,6,20,Instagram,True,3,Mixed
199,39,1,2,4,20,Twitter,True,2,Mixed
200,83,0,1,5,20,Instagram,True,5,ROM
201,41,0,0,6,14,Facebook,True,4,ROM
202,79,0,0,4,26,Twitter,True,2,ROM
203,50,0,0,7,20,Facebook,True,3,ROM
204,64,0,0,6,20,Reddit,True,5,ROM
205,48,1,0,7,21,Facebook,True,2,ROM
206,34,1,1,5,17,Facebook,True,3,ROM
207,69,0,1,6,26,Reddit,True,3,ROM
208,83,1,2,5,26,TikTok,False,5,Mixed
209,34,1,0,3,19,Instagram,True,5,ROM
210,70,1,2,6,20,Instagram,True,3,Mixed
211,34,0,0,5,20,Facebook,True,3,ROM
212,66,0,0,6,21,TikTok,True,4,ROM
213,71,0,1,4,17,Facebook,False,1,ROM
214,47,1,0,4,20,Instagram,True,4,ROM
215,67,1,1,4,17,TikTok,False,3,ROM
216,35,0,4,6,17,Facebook,False,4,Writer
217,21,1,1,7,21,Facebook,False,1,ROM
218,22,0,4,7,19,Reddit,False,5,Writer
219,47,0,1,7,18,TikTok,True,5,ROM
220,79,1,0,6,25,Facebook,False,5,ROM
221,24,1,4,4,12,Facebook,False,5,Writer
222,47,1,1,6,18,Facebook,True,5,ROM
223,65,0,3,7,17,Facebook,True,3,Writer
224,30,0,0,6,14,Facebook,True,3,ROM
225,66,1,1,6,25,TikTok,True,5,ROM
226,37,0,0,7,16,Facebook,True,3,ROM
227,72,1,1,6,19,Facebook,False,4,ROM
228,56,1,1,6,26,Instagram,True,5,ROM
229,54,0,2,7,17,TikTok,True,4,Mixed
230,28,1,1,6,19,Facebook,True,2,ROM
231,48,1,1,5,15,Twitter,True,5,ROM
232,75,0,1,6,24,Twitter,True,5,ROM
233,17,1,2,7,23,Instagram,False,5,Mixed
234,69,0,2,4,20,Other,True,3,Mixed
235,50,1,1,6,23,Reddit,False,2,ROM
236,66,1,3,6,20,Facebook,False,3,Writer
237,62,1,0,7,21,Twitter,False,4,ROM
238,46,1,1,5,16,TikTok,True,1,ROM
239,37,1,1,6,25,Facebook,False,5,ROM
240,59,1,1,7,25,Other,False,3,ROM
241,25,0,0,7,17,Instagram,False,5,ROM
242,56,1,0,7,23,Instagram,True,4,ROM
243,22,1,1,6,18,Facebook,False,5,ROM
244,61,1,0,0,10,Instagram,True,5,ROM
245,60,1,0,4,20,Facebook,True,5,ROM
246,21,1,1,6,17,TikTok,False,5,ROM
247,69,0,0,2,12,Instagram,False,5,ROM
248,45,1,3,6,13,Twitter,True,1,Writer
249,71,0,0,7,16,Facebook,True,3,ROM
250,18,0,2,6,15,TikTok,False,2,Mixed
251,28,1,1,7,20,Facebook,True,3,ROM
252,50,1,0,7,19,Instagram,True,5,ROM
253,29,1,1,6,22,Facebook,False,5,ROM
254,39,0,3,6,17,Facebook,False,3,Writer
255,62,1,0,5,23,TikTok,True,3,ROM
256,26,0,1,6,17,Facebook,True,4,ROM
257,63,0,3,5,14,Instagram,True,1,Writer
258,23,0,0,7,20,TikTok,True,2,ROM
259,28,0,0,7,15,Facebook,False,3,ROM
260,57,0,0,7,23,Instagram,False,3,ROM
261,71,1,4,6,16,Facebook,True,3,Writer
262,27,1,0,7,25,Reddit,True,3,ROM
263,36,1,4,2,13,TikTok,True,5,Writer
264,80,0,1,6,25,Instagram,True,3,ROM
265,85,0,2,5,15,TikTok,True,5,Mixed
266,56,0,2,7,17,Instagram,True,2,Mixed
267,47,1,1,6,22,Facebook,False,2,ROM
268,40,0,1,5,22,Facebook,True,4,ROM
269,58,1,1,6,28,Instagram,False,5,ROM
270,57,1,1,6,21,Twitter,True,5,ROM
271,36,0,2,5,24,Reddit,False,5,Mixed
272,17,1,0,3,15,Instagram,False,3,ROM
273,26,1,0,6,24,TikTok,True,5,ROM
274,83,0,0,5,16,Facebook,True,4,ROM
275,45,1,0,6,23,Facebook,False,2,ROM
276,49,1,0,6,12,Instagram,True,5,ROM
277,48,1,3,6,15,Instagram,True,4,Writer
278,70,1,5,7,22,Instagram,True,5,Writer
279,20,0,0,7,14,Facebook,False,4,ROM
280,21,0,0,0,13,Other,True,3,ROM
281,35,1,0,4,22,Reddit,True,3,ROM
282,50,1,2,4,16,Instagram,True,4,Mixed
283,62,1,3,5,15,Instagram,False,3,Writer
284,50,0,1,5,16,Instagram,True,4,ROM
285,46,0,1,4,13,Other,False,5,ROM
286,81,0,1,6,20,Instagram,False,5,ROM
287,27,1,2,7,20,Instagram,True,3,Mixed
288,56,1,1,4,17,Facebook,True,3,ROM
289,53,1,0,6,28,Facebook,False,4,ROM
290,49,0,6,7,14,Instagram,False,3,Writer
291,72,1,1,3,24,Facebook,True,4,ROM
292,34,0,1,5,13,Instagram,True,5,ROM
293,82,0,0,7,23,Instagram,True,2,ROM
294,39,1,0,6,25,Instagram,True,5,ROM
295,54,1,0,6,26,Twitter,True,3,ROM
296,52,1,1,6,19,Other,True,5,ROM
297,75,1,0,5,23,Facebook,True,1,ROM
298,46,1,5,6,19,TikTok,False,1,Writer
299,35,0,1,6,16,Twitter,False,3,ROM
300,17,1,1,6,21,TikTok,False,4,ROM
301,41,1,3,4,24,Other,True,3,Writer
302,73,0,1,7,23,Twitter,True,2,ROM
303,16,0,0,7,21,Other,True,3,ROM
304,78,1,2,5,23,Facebook,False,5,Mixed
305,53,0,0,5,13,TikTok,True,2,ROM
306,25,0,0,6,20,Instagram,True,5,ROM
307,37,0,1,7,15,Facebook,False,5,ROM
308,54,0,0,1,12,Facebook,False,4,ROM
309,38,1,1,6,29,Other,True,4,ROM
310,23,0,3,7,16,Reddit,False,2,Writer
311,62,1,6,6,15,Twitter,True,4,Writer
312,63,0,2,6,24,Reddit,True,5,Mixed
313,24,0,0,7,16,Reddit,True,2,ROM
314,35,1,1,6,18,Facebook,True,5,ROM
315,33,1,0,7,27,Instagram,False,5,ROM
316,62,0,0,6,20,Instagram,True,2,ROM
317,67,0,2,7,14,Instagram,True,3,Mixed
318,66,1,3,6,22,Instagram,False,2,Writer
319,81,0,1,7,20,Other,True,5,ROM
320,69,0,0,6,27,Instagram,True,5,ROM
321,38,1,0,5,17,Facebook,True,3,ROM
322,23,1,1,6,23,Facebook,True,3,ROM
323,59,1,0,7,30,Facebook,True,1,ROM
324,80,0,1,7,18,Instagram,True,1,ROM
325,84,1,3,5,19,Facebook,False,2,Writer
326,32,0,0,6,20,Facebook,True,4,ROM
327,32,1,1,6,16,Facebook,True,3,ROM
328,18,0,1,6,19,Instagram,True,3,ROM
329,25,1,3,7,18,TikTok,False,4,Writer
330,54,1,1,7,21,Instagram,True,3,ROM
331,54,0,1,7,21,Facebook,True,5,ROM
332,41,1,1,7,22,Twitter,False,2,ROM
333,37,0,1,4,17,Instagram,True,4,ROM
334,74,0,7,7,15,TikTok,True,5,Writer
335,48,0,1,6,17,Instagram,True,2,ROM
336,72,0,5,7,18,Reddit,True,4,Writer
337,83,1,1,5,21,Reddit,False,4,ROM
338,38,0,0,5,16,Twitter,True,1,ROM
339,30,0,0,7,21,Twitter,True,4,ROM
340,82,1,0,7,17,Instagram,True,1,ROM
341,60,1,2,5,16,Reddit,True,5,Mixed
342,36,0,1,6,17,Facebook,True,3,ROM
343,59,1,0,3,15,Instagram,False,3,ROM
344,52,0,2,3,22,Facebook,True,5,Mixed
345,79,0,2,6,20,Instagram,False,3,Mixed
346,33,0,1,7,20,Facebook,False,2,ROM
347,85,1,1,6,20,Facebook,True,2,ROM
348,81,1,1,6,22,Instagram,False,4,ROM
349,28,1,0,5,14,TikTok,False,5,ROM
350,27,1,1,4,16,Instagram,True,2,ROM
351,53,0,1,7,17,Facebook,True,2,ROM
352,19,0,1,3,13,Facebook,True,5,ROM
353,36,1,1,7,11,Other,True,3,ROM
354,46,1,5,7,14,Facebook,False,3,Writer
355,83,0,4,7,26,Reddit,True,2,Writer
356,85,1,1,5,24,Twitter,True,3,ROM
357,26,0,0,7,25,Reddit,True,5,ROM
358,78,1,7,5,23,Instagram,True,4,Writer
359,22,0,0,5,20,TikTok,False,3,ROM
360,68,1,2,7,20,Instagram,False,4,Mixed
361,75,0,3,6,15,Other,False,3,Writer
362,78,1,0,6,27,Other,True,2,ROM
363,31,0,4,3,14,Twitter,True,3,Writer
364,78,1,1,6,32,Facebook,False,2,ROM
365,24,1,2,7,18,Facebook,True,5,Mixed
366,52,0,0,6,28,Instagram,False,5,ROM
367,48,1,5,6,17,Facebook,True,3,Writer
368,38,1,3,6,24,Facebook,True,3,Writer
369,17,1,1,4,23,Facebook,True,5,ROM
370,70,1,1,5,16,Instagram,False,5,ROM
371,39,1,2,6,17,Reddit,True,5,Mixed
372,62,0,2,7,16,Instagram,False,5,Mixed
373,44,1,5,7,14,Facebook,True,2,Writer
374,42,0,0,7,23,Instagram,True,2,ROM
375,78,0,1,4,17,Instagram,False,3,ROM
376,22,1,0,6,20,Instagram,True,5,ROM
377,67,0,0,7,24,Twitter,True,2,ROM
378,68,0,4,5,10,Facebook,False,5,Writer
379,42,0,0,7,26,Facebook,False,5,ROM
380,34,1,2,4,16,Facebook,True,3,Mixed
381,16,1,5,7,19,Facebook,False,2,Writer
382,81,1,0,6,25,Instagram,True,2,ROM
383,82,0,0,6,27,Instagram,True,5,ROM
384,32,0,1,6,18,Facebook,True,3,ROM
385,18,0,0,7,11,Facebook,True,5,ROM
386,24,1,0,5,19,Facebook,True,5,ROM
387,20,0,0,6,19,Instagram,True,3,ROM
388,74,1,0,6,18,TikTok,False,2,ROM
389,78,0,2,6,20,Instagram,True,2,Mixed
390,26,1,2,6,17,Facebook,True,4,Mixed
391,68,0,2,4,12,Instagram,False,4,Mixed
392,28,0,4,7,20,Facebook,False,5,Writer
393,41,1,0,7,20,Twitter,True,3,ROM
394,57,1,1,5,18,TikTok,False,5,ROM
395,66,0,1,3,15,Instagram,False,4,ROM
396,77,1,4,4,23,Facebook,True,3,Writer
397,19,0,0,4,16,Instagram,True,2,ROM
398,29,0,2,7,19,Facebook,True,4,Mixed
399,35,0,0,3,14,Instagram,False,5,ROM
400,37,1,0,6,22,Instagram,True,5,ROM
401,85,1,1,7,29,TikTok,True,1,ROM
402,70,1,1,7,25,Instagram,False,4,ROM
403,38,0,5,7,20,Instagram,True,5,Writer
404,84,1,0,6,25,TikTok,True,4,ROM
405,50,1,1,4,13,TikTok,False,5,ROM
406,51,1,4,6,15,Reddit,False,2,Writer
407,46,0,1,6,18,Twitter,False,2,ROM
408,26,1,2,6,16,Facebook,True,3,Mixed
409,81,0,0,7,18,TikTok,True,3,ROM
410,16,0,0,7,12,Instagram,True,4,ROM
411,28,0,1,7,14,TikTok,True,2,ROM
412,32,0,1,6,17,Instagram,True,3,ROM
413,35,0,2,7,18,Reddit,False,3,Mixed
414,25,0,2,6,14,Facebook,False,3,Mixed
415,17,1,4,3,14,Facebook,True,3,Writer
416,63,0,4,7,17,Facebook,True,5,Writer
417,83,0,2,7,26,Instagram,True,5,Mixed
418,24,0,0,7,19,Twitter,True,4,ROM
419,36,0,1,6,21,TikTok,False,3,ROM
420,51,0,1,6,20,Facebook,True,5,ROM
421,80,0,4,7,14,Facebook,False,2,Writer
422,64,1,0,6,22,Instagram,True,3,ROM
423,69,1,2,6,16,Facebook,True,3,Mixed
424,56,1,0,7,22,Twitter,False,4,ROM
425,45,1,0,7,19,Instagram,True,3,ROM
426,29,1,0,4,19,Reddit,True,3,ROM
427,76,1,1,7,18,Facebook,True,3,ROM
428,72,1,4,6,20,Facebook,True,3,Writer
429,17,0,2,7,20,Other,True,4,Mixed
430,66,1,3,6,24,Twitter,True,3,Writer
431,21,0,1,6,15,Reddit,True,4,ROM
432,67,0,1,6,20,Facebook,True,5,ROM
433,73,1,7,7,19,Facebook,True,5,Writer
434,25,1,3,6,24,Instagram,False,4,Writer
435,46,1,3,7,14,Instagram,False,4,Writer
436,24,0,0,5,14,Twitter,True,4,ROM
437,55,1,0,7,34,Instagram,True,2,ROM
438,80,1,1,7,22,Instagram,True,2,ROM
439,21,0,3,4,7,Facebook,True,3,Writer
440,43,0,2,4,14,TikTok,True,4,Mixed
441,84,1,0,7,13,Instagram,False,2,ROM
442,37,1,2,4,18,TikTok,True,4,Mixed
443,25,1,2,4,20,Reddit,True,5,Mixed
444,50,1,6,7,15,TikTok,False,5,Writer
445,51,1,0,5,18,TikTok,False,5,ROM
446,62,0,0,0,17,TikTok,True,3,ROM
447,37,0,3,7,11,Instagram,True,1,Writer
448,82,0,2,5,14,Twitter,False,3,Mixed
449,52,0,1,7,19,Reddit,True,4,ROM
450,36,1,1,4,15,Facebook,False,2,ROM
451,83,0,1,7,21,TikTok,False,4,ROM
452,80,0,4,5,13,Other,True,2,Writer
453,50,0,3,7,20,Instagram,True,5,Writer
454,17,0,1,7,18,Twitter,True,5,ROM
455,57,1,1,7,24,Facebook,True,3,ROM
456,54,1,1,6,22,Instagram,True,5,ROM
457,26,1,1,4,18,Facebook,False,4,ROM
458,60,1,2,6,15,TikTok,False,2,Mixed
459,74,0,2,6,22,Facebook,False,1,Mixed
460,23,1,3,7,18,Instagram,False,4,Writer
461,66,0,1,6,19,TikTok,False,2,ROM
462,25,0,2,7,22,Instagram,True,3,Mixed
463,68,1,1,7,20,Reddit,True,5,ROM
464,45,1,3,6,24,Instagram,True,3,Writer
465,16,0,7,7,20,Reddit,True,3,Writer
466,83,0,1,6,24,Facebook,True,3,ROM
467,27,1,2,6,15,Twitter,True,2,Mixed
468,57,1,0,7,14,Facebook,True,2,ROM
469,28,0,1,6,22,Instagram,True,5,ROM
470,81,1,2,7,23,Facebook,False,5,Mixed
471,67,0,1,7,18,TikTok,True,2,ROM
472,72,1,1,7,27,TikTok,True,1,ROM
473,46,1,5,6,14,Instagram,True,2,Writer
474,48,1,0,7,21,Facebook,True,3,ROM
475,60,1,3,1,17,Reddit,True,5,Writer
476,70,1,5,6,15,TikTok,True,3,Writer
477,75,1,2,6,21,Twitter,True,2,Mixed
478,17,0,2,1,16,Instagram,False,2,Mixed
479,62,1,1,6,22,Reddit,True,4,ROM
480,23,1,3,7,24,Twitter,False,4,Writer
481,36,1,2,6,24,Twitter,False,2,Mixed
482,74,1,1,5,21,TikTok,True,3,ROM
483,33,0,1,7,10,Instagram,True,3,ROM
484,71,1,2,7,18,TikTok,True,3,Mixed
485,48,0,0,3,19,Instagram,False,5,ROM
486,32,1,1,6,13,TikTok,False,2,ROM
487,39,0,1,5,16,Other,False,5,ROM
488,53,1,1,5,21,Other,False,2,ROM
489,69,0,1,6,26,Reddit,True,2,ROM
490,58,1,3,6,17,Reddit,False,2,Writer
491,81,1,2,6,19,Instagram,True,2,Mixed
492,76,0,1,4,18,Other,True,5,ROM
493,68,0,5,7,20,Reddit,True,3,Writer
494,58,0,3,5,17,Facebook,False,1,Writer
495,36,1,4,6,22,Twitter,True,5,Writer
496,44,0,3,7,15,Instagram,True,4,Writer
497,24,0,2,6,18,Facebook,True,3,Mixed
498,42,0,2,5,19,TikTok,False,2,Mixed
499,80,1,1,6,20,Twitter,True,1,ROM
500,45,0,0,6,23,Twitter,True,5,ROM
501,23,0,2,6,18,Facebook,True,5,Mixed
502,61,0,0,7,25,Instagram,True,5,ROM
503,83,1,2,6,22,Other,False,5,Mixed
504,76,1,0,6,24,Instagram,False,4,ROM
505,35,0,2,0,9,Instagram,False,5,Mixed
506,47,1,0,6,19,Instagram,False,4,ROM
507,53,0,1,7,25,Reddit,True,4,ROM
508,33,1,0,6,23,Reddit,True,4,ROM
509,34,1,1,7,17,Instagram,True,2,ROM
510,32,0,1,4,17,Instagram,False,5,ROM
511,85,1,0,4,11,Twitter,True,1,ROM
512,68,1,0,5,19,Instagram,False,5,ROM
513,74,0,0,7,26,TikTok,True,3,ROM
514,73,0,1,7,21,Instagram,True,4,ROM
515,83,0,0,6,22,Facebook,True,3,ROM
516,23,1,1,4,5,Twitter,False,2,ROM
517,77,1,1,5,19,Facebook,False,5,ROM
518,20,0,1,7,20,Twitter,True,4,ROM
519,49,1,1,6,22,Instagram,False,5,ROM
520,57,1,0,6,25,Instagram,False,5,ROM
521,41,1,1,6,19,Instagram,True,4,ROM
522,26,0,7,6,13,Instagram,False,5,Writer
523,29,0,3,7,12,Other,True,2,Writer
524,73,0,4,6,17,Instagram,True,4,Writer
525,38,0,1,7,15,Twitter,True,5,ROM
526,37,1,0,6,13,Instagram,True,3,ROM
527,80,1,1,7,19,TikTok,True,4,ROM
528,26,1,1,7,27,Reddit,True,3,ROM
529,80,1,3,6,20,TikTok,True,3,Writer
530,80,1,3,6,22,Facebook,False,5,Writer
531,57,1,1,5,18,TikTok,True,4,ROM
532,27,1,1,7,13,Twitter,True,4,ROM
533,26,0,1,4,19,Reddit,True,3,ROM
534,35,0,1,6,10,TikTok,True,4,ROM
535,56,1,0,6,19,Instagram,False,2,ROM
536,26,1,4,7,18,Facebook,False,4,Writer
537,47,0,1,6,20,Instagram,True,3,ROM
538,24,0,1,6,15,Instagram,False,4,ROM
539,53,0,5,7,10,TikTok,True,2,Writer
540,17,1,4,6,14,Instagram,False,2,Writer
541,65,0,2,7,17,TikTok,True,5,Mixed
542,19,1,0,7,18,Other,True,3,ROM
543,29,1,2,3,19,Facebook,True,3,Mixed
544,28,1,2,6,14,Twitter,True,3,Mixed
545,74,1,0,5,22,Facebook,True,5,ROM
546,19,1,0,7,21,TikTok,True,5,ROM
547,46,1,0,6,25,Instagram,True,3,ROM
548,57,0,1,7,20,Instagram,False,2,ROM
549,52,1,0,7,26,Facebook,False,4,ROM
550,63,1,0,5,20,Reddit,True,3,ROM
551,72,1,1,6,23,Instagram,False,4,ROM
552,43,1,1,1,8,Twitter,True,2,ROM
553,73,1,2,7,12,Other,False,3,Mixed
554,38,1,0,6,22,Instagram,True,3,ROM
555,84,1,4,7,23,Instagram,False,5,Writer
556,51,0,1,7,22,Facebook,False,3,ROM
557,67,0,2,7,18,Instagram,False,1,Mixed
558,77,1,0,6,29,Instagram,False,3,ROM
559,71,0,1,7,19,Facebook,True,4,ROM
560,75,0,1,6,22,Facebook,False,3,ROM
561,53,0,2,6,21,Facebook,True,4,Mixed
562,19,0,3,6,23,Twitter,True,5,Writer
563,50,0,2,7,18,Facebook,False,4,Mixed
564,28,0,7,4,10,Facebook,True,4,Writer
565,78,0,0,5,14,TikTok,True,3,ROM
566,32,1,1,6,26,TikTok,False,4,ROM
567,31,1,1,5,20,Facebook,True,3,ROM
568,33,1,1,6,22,Reddit,True,5,ROM
569,60,1,0,7,35,TikTok,True,1,ROM
570,55,1,2,6,21,Instagram,False,5,Mixed
571,82,1,2,6,16,Other,False,3,Mixed
572,45,0,1,6,18,Reddit,True,5,ROM
573,35,0,0,6,15,Twitter,True,4,ROM
574,19,0,1,7,17,Instagram,True,2,ROM
575,16,1,1,4,15,Facebook,False,3,ROM
576,42,1,1,6,18,Twitter,False,2,ROM
577,80,0,1,6,15,TikTok,False,4,ROM
578,52,0,0,7,27,Facebook,True,1,ROM
579,78,0,1,4,19,Instagram,True,2,ROM
580,23,0,1,7,18,Instagram,True,1,ROM
581,22,0,3,2,15,Reddit,True,2,Writer
582,74,1,0,6,24,Instagram,True,2,ROM
583,23,1,0,4,19,TikTok,True,4,ROM
584,19,1,1,7,23,Instagram,True,5,ROM
585,44,0,1,3,16,Facebook,False,4,ROM
586,80,0,1,5,22,Facebook,True,4,ROM
587,64,1,2,7,25,Instagram,True,2,Mixed
588,22,0,0,5,18,Facebook,False,4,ROM
589,74,1,1,6,21,Facebook,True,2,ROM
590,75,1,1,7,29,Instagram,True,1,ROM
591,72,1,2,4,17,Twitter,True,3,Mixed
592,79,1,4,7,23,TikTok,True,3,Writer
593,32,0,2,7,20,TikTok,True,5,Mixed
594,84,1,0,7,22,Facebook,True,5,ROM
595,38,0,1,7,16,TikTok,True,3,ROM
596,72,0,1,5,18,Instagram,True,2,ROM
597,56,1,0,6,20,Instagram,True,4,ROM
598,70,1,0,6,16,Facebook,True,3,ROM
599,59,0,1,7,18,Facebook,True,2,ROM
600,60,1,1,6,22,TikTok,False,4,ROM
601,59,0,3,5,22,Instagram,True,3,Writer
602,70,1,2,6,23,Facebook,True,4,Mixed
603,67,0,3,7,9,Facebook,True,4,Writer
604,25,0,0,6,21,Instagram,False,5,ROM
605,73,1,2,5,18,Facebook,True,2,Mixed
606,53,1,0,7,24,Facebook,True,4,ROM
607,38,0,0,7,20,Instagram,True,2,ROM
608,51,1,1,7,21,Twitter,True,3,ROM
609,83,1,0,7,24,Instagram,False,5,ROM
610,76,1,2,6,21,Reddit,True,3,Mixed
611,74,1,0,7,29,Instagram,False,1,ROM
612,48,0,2,6,18,Instagram,True,4,Mixed
613,70,0,1,6,24,Instagram,False,2,ROM
614,42,1,2,6,23,Instagram,True,4,Mixed
615,64,0,1,7,24,Instagram,False,3,ROM
616,60,1,2,6,13,Facebook,False,3,Mixed
617,33,1,0,4,22,Instagram,True,2,ROM
618,34,0,2,5,15,Instagram,True,4,Mixed
619,20,0,1,3,17,Instagram,True,4,ROM
620,25,1,0,3,12,Twitter,True,3,ROM
621,46,1,1,7,17,Instagram,False,2,ROM
622,49,1,1,6,28,Facebook,True,5,ROM
623,27,0,0,4,12,Facebook,False,2,ROM
624,45,1,1,7,26,TikTok,False,5,ROM
625,58,1,3,7,21,Instagram,False,4,Writer
626,32,0,1,7,18,Reddit,False,3,ROM
627,39,1,0,7,22,Facebook,True,1,ROM
628,41,1,1,5,14,Instagram,True,5,ROM
629,51,1,1,5,19,Twitter,True,5,ROM
630,41,1,0,5,15,TikTok,False,3,ROM
631,67,1,0,6,20,Twitter,False,5,ROM
632,38,0,1,6,22,Twitter,True,4,ROM
633,46,0,1,4,18,Facebook,False,3,ROM
634,42,0,3,7,12,Instagram,False,3,Writer
635,28,0,0,6,22,Other,True,4,ROM
636,64,1,0,6,22,Instagram,False,4,ROM
637,32,1,0,3,15,Instagram,True,2,ROM
638,36,0,3,4,18,Instagram,True,2,Writer
639,71,1,1,7,22,Twitter,True,2,ROM
640,82,0,1,3,13,Reddit,True,2,ROM
641,62,0,1,6,27,TikTok,False,3,ROM
642,80,1,1,5,21,Reddit,True,4,ROM
643,75,1,0,4,20,Facebook,False,3,ROM
644,49,1,3,6,18,Twitter,False,2,Writer
645,69,1,2,6,26,Twitter,False,2,Mixed
646,38,1,1,3,14,Instagram,True,3,ROM
647,48,1,4,6,12,Reddit,True,5,Writer
648,53,0,0,5,16,Facebook,True,4,ROM
649,83,0,6,5,22,Facebook,True,3,Writer
650,75,0,7,7,21,Facebook,True,4,Writer
651,50,1,0,7,21,TikTok,True,5,ROM
652,61,1,1,6,27,Instagram,True,2,ROM
653,30,1,1,6,23,TikTok,True,4,ROM
654,72,1,0,5,20,TikTok,True,4,ROM
655,54,0,1,7,20,TikTok,True,2,ROM
656,53,1,0,5,21,Instagram,False,3,ROM
657,69,1,1,5,17,Instagram,True,5,ROM
658,60,0,1,5,18,Facebook,False,4,ROM
659,21,1,1,7,21,Reddit,True,3,ROM
660,36,1,0,4,11,Other,True,2,ROM
661,28,1,1,7,20,Facebook,False,5,ROM
662,67,0,2,7,19,Instagram,False,4,Mixed
663,18,0,3,7,21,Instagram,True,5,Writer
664,30,1,0,7,14,Facebook,True,5,ROM
665,57,0,0,7,20,Instagram,True,1,ROM
666,64,0,1,6,18,Facebook,True,2,ROM
667,51,0,0,5,22,TikTok,False,5,ROM
668,76,1,3,5,19,Twitter,True,1,Writer
669,80,1,3,6,28,Twitter,True,3,Writer
670,25,0,2,7,21,Instagram,True,5,Mixed
671,82,1,1,7,22,Instagram,True,3,ROM
672,59,0,0,3,18,Facebook,True,3,ROM
673,60,0,0,7,20,Twitter,True,3,ROM
674,22,1,2,1,17,Instagram,False,2,Mixed
675,59,0,2,4,11,Instagram,True,3,Mixed
676,66,0,1,6,17,Instagram,True,4,ROM
677,56,0,2,6,21,Facebook,True,1,Mixed
678,21,1,1,7,25,Facebook,True,4,ROM
679,52,0,0,6,11,Facebook,True,3,ROM
680,81,0,0,7,28,Facebook,True,3,ROM
681,66,0,2,6,19,Instagram,False,3,Mixed
682,25,0,1,4,8,Facebook,False,2,ROM
683,83,0,3,6,7,Instagram,False,2,Writer
684,83,1,1,7,17,Reddit,False,5,ROM
685,27,1,4,6,17,Instagram,True,4,Writer
686,72,1,2,5,20,Twitter,True,2,Mixed
687,44,1,3,7,23,Instagram,True,5,Writer
688,57,1,1,6,19,TikTok,False,3,ROM
689,47,0,0,7,16,Instagram,True,5,ROM
690,70,1,1,6,20,Reddit,True,2,ROM
691,85,0,5,7,19,Instagram,True,3,Writer
692,71,0,0,4,19,TikTok,True,3,ROM
693,81,1,1,6,19,Facebook,False,3,ROM
694,82,0,3,6,23,Instagram,True,5,Writer
695,22,0,3,2,10,Instagram,True,4,Writer
696,33,0,2,5,13,Twitter,True,5,Mixed
697,66,1,3,7,19,TikTok,False,5,Writer
698,57,0,2,5,22,Reddit,True,2,Mixed
699,19,0,2,6,16,Instagram,True,3,Mixed
700,22,0,1,5,14,Twitter,True,3,ROM
701,52,0,2,7,23,Instagram,True,5,Mixed
702,59,0,1,6,28,Instagram,False,3,ROM
703,27,1,3,5,18,Facebook,True,3,Writer
704,27,0,1,5,22,Twitter,False,3,ROM
705,25,1,2,6,23,Instagram,True,5,Mixed
706,55,0,1,5,16,Reddit,True,2,ROM
707,16,1,0,7,21,TikTok,False,5,ROM
708,56,1,5,6,13,TikTok,True,4,Writer
709,49,0,1,7,19,Instagram,False,5,ROM
710,48,1,0,7,20,Reddit,True,2,ROM
711,63,0,0,7,20,Facebook,True,5,ROM
712,52,1,1,4,15,Facebook,True,5,ROM
713,66,0,1,5,18,Instagram,True,5,ROM
714,69,0,3,6,21,Reddit,False,5,Writer
715,80,1,2,6,21,Facebook,True,5,Mixed
716,71,0,0,7,14,TikTok,True,1,ROM
717,52,1,1,7,19,Facebook,True,3,ROM
718,50,0,1,6,13,TikTok,True,3,ROM
719,32,0,4,5,16,Facebook,True,5,Writer
720,57,0,0,5,21,Reddit,False,2,ROM
721,25,1,1,3,17,Instagram,True,3,ROM
722,81,1,0,6,20,Instagram,True,4,ROM
723,75,0,1,7,22,TikTok,True,2,ROM
724,24,0,1,7,17,Facebook,True,5,ROM
725,71,1,2,7,17,Facebook,True,2,Mixed
726,24,1,1,3,19,TikTok,False,3,ROM
727,66,1,1,7,26,Facebook,True,4,ROM
728,22,0,1,6,21,TikTok,False,3,ROM
729,50,1,0,3,15,Twitter,True,2,ROM
730,62,1,0,6,27,Reddit,True,5,ROM
731,67,0,0,7,20,Instagram,False,3,ROM
732,45,1,7,6,19,Facebook,False,2,Writer
733,80,0,0,7,20,Reddit,False,2,ROM
734,70,1,0,4,19,Instagram,True,5,ROM
735,30,0,0,7,10,Twitter,False,1,ROM
736,62,0,1,6,18,Twitter,False,1,ROM
737,67,0,2,5,19,Facebook,False,3,Mixed
738,39,1,2,7,19,Twitter,False,3,Mixed
739,67,0,1,7,28,Instagram,False,4,ROM
740,78,0,1,6,16,Reddit,True,5,ROM
741,73,1,1,6,19,Instagram,False,5,ROM
742,69,1,1,7,19,Facebook,False,3,ROM
743,60,1,2,6,18,Facebook,False,3,Mixed
744,34,0,7,5,18,Instagram,False,4,Writer
745,71,0,3,4,23,Instagram,True,5,Writer
746,41,0,3,2,10,Other,True,4,Writer
747,53,0,4,6,14,Facebook,True,5,Writer
748,38,0,0,7,16,Instagram,False,5,ROM
749,37,1,3,7,25,TikTok,False,5,Writer
750,27,1,4,7,23,Facebook,False,2,Writer
751,83,0,0,6,21,Instagram,False,1,ROM
752,26,1,1,7,15,Facebook,True,4,ROM
753,22,0,2,4,10,Facebook,True,2,Mixed
754,81,0,0,7,23,Instagram,True,5,ROM
755,54,1,1,5,22,Reddit,False,4,ROM
756,46,0,2,7,11,Instagram,True,3,Mixed
757,67,1,2,6,19,Instagram,False,3,Mixed
758,42,0,0,5,25,Instagram,False,5,ROM
759,24,0,1,7,18,TikTok,True,2,ROM
760,67,0,1,7,27,TikTok,False,2,ROM
761,28,1,0,6,23,Reddit,True,5,ROM
762,54,1,0,6,17,Instagram,True,3,ROM
763,82,1,0,6,22,TikTok,True,4,ROM
764,81,1,0,6,22,Facebook,True,3,ROM
765,41,1,1,6,16,Twitter,True,3,ROM
766,70,1,1,7,19,Instagram,True,2,ROM
767,58,0,2,7,26,TikTok,True,2,Mixed
768,49,1,2,6,16,Instagram,True,5,Mixed
769,25,1,1,6,24,Facebook,True,3,ROM
770,42,0,1,6,17,Facebook,True,1,ROM
771,61,0,0,6,20,Instagram,False,3,ROM
772,85,0,0,7,25,Other,True,4,ROM
773,16,0,2,6,14,TikTok,True,3,Mixed
774,66,0,0,7,24,Facebook,False,3,ROM
775,75,0,0,7,14,Facebook,False,1,ROM
776,82,0,1,4,20,Facebook,False,2,ROM
777,45,0,3,6,8,TikTok,False,3,Writer
778,24,1,2,7,19,Instagram,True,3,Mixed
779,34,1,3,7,23,Twitter,False,5,Writer
780,75,1,1,6,24,Twitter,True,5,ROM
781,77,1,1,5,16,Facebook,True,3,ROM
782,60,0,1,6,15,Facebook,True,5,ROM
783,24,1,2,7,17,Instagram,False,5,Mixed
784,24,1,1,7,21,Other,True,2,ROM
785,49,1,2,7,13,Instagram,True,3,Mixed
786,57,0,1,5,18,Instagram,True,2,ROM
787,18,1,1,7,21,Twitter,False,3,ROM
788,64,0,1,5,17,Facebook,True,4,ROM
789,54,0,0,5,21,Instagram,True,5,ROM
790,16,1,7,6,16,Facebook,True,4,Writer
791,22,0,1,6,15,TikTok,False,2,ROM
792,47,1,1,7,14,Instagram,True,3,ROM
793,66,1,1,7,23,Other,False,4,ROM
794,73,0,0,7,18,Twitter,True,3,ROM
795,46,0,1,5,15,Facebook,True,3,ROM
796,36,1,2,6,21,Instagram,True,5,Mixed
797,83,0,1,7,28,TikTok,True,5,ROM
798,48,1,1,5,19,TikTok,True,2,ROM
799,38,0,1,7,22,Instagram,True,3,ROM
800,46,0,2,7,14,Instagram,False,2,Mixed
801,16,0,1,5,17,Instagram,True,4,ROM
802,37,0,1,6,18,Instagram,True,4,ROM
803,52,1,1,6,26,Other,True,5,ROM
804,80,0,1,5,17,Facebook,True,5,ROM
805,67,0,1,7,20,Facebook,True,3,ROM
806,70,0,1,7,25,Other,True,4,ROM
807,54,1,1,6,20,TikTok,True,1,ROM
808,23,1,0,5,14,TikTok,True,1,ROM
809,43,1,6,7,28,Twitter,False,3,Writer
810,85,1,1,5,17,Twitter,False,3,ROM
811,19,1,1,7,20,Instagram,False,2,ROM
812,77,1,2,7,24,Twitter,True,1,Mixed
813,63,0,1,7,22,Twitter,False,5,ROM
814,35,1,2,6,18,Instagram,True,3,Mixed
815,70,0,5,6,17,Twitter,True,3,Writer
816,74,0,1,2,15,Twitter,False,3,ROM
817,19,0,3,6,12,Twitter,True,4,Writer
818,23,1,2,6,27,Instagram,True,5,Mixed
819,62,1,1,7,21,Twitter,False,3,ROM
820,85,0,1,5,22,Facebook,True,5,ROM
821,17,0,0,6,17,TikTok,True,4,ROM
822,62,1,1,6,20,TikTok,True,4,ROM
823,25,0,1,7,17,Instagram,True,4,ROM
824,61,0,1,4,11,Instagram,False,4,ROM
825,59,0,0,6,20,Twitter,True,3,ROM
826,22,1,1,7,19,Instagram,True,1,ROM
827,63,1,3,7,26,Twitter,True,3,Writer
828,78,1,0,5,17,Other,False,4,ROM
829,76,0,1,6,18,Instagram,False,4,ROM
830,18,1,0,6,16,Twitter,True,4,ROM
831,33,1,1,7,27,TikTok,False,2,ROM
832,32,0,0,5,14,Facebook,True,2,ROM
833,47,1,3,5,20,Instagram,False,2,Writer
834,26,1,0,6,24,Instagram,True,4,ROM
835,75,1,1,6,21,Reddit,True,5,ROM
836,70,1,1,3,13,Instagram,True,3,ROM
837,72,1,1,2,12,Facebook,False,2,ROM
838,29,1,0,5,22,TikTok,False,5,ROM
839,17,0,2,6,12,Instagram,True,2,Mixed
840,79,0,1,7,23,TikTok,True,5,ROM
841,36,1,1,5,19,Instagram,True,3,ROM
842,61,0,0,7,23,Instagram,True,1,ROM
843,79,1,0,7,26,Twitter,True,3,ROM
844,18,0,0,7,16,Other,True,3,ROM
845,16,1,0,6,16,Instagram,False,1,ROM
846,16,0,3,6,19,Instagram,True,5,Writer
847,26,1,0,6,17,Reddit,False,2,ROM
848,19,0,1,6,7,Instagram,True,3,ROM
849,73,1,4,6,22,Reddit,True,5,Writer
850,58,0,1,7,16,Facebook,True,2,ROM
851,84,1,0,7,26,Facebook,True,3,ROM
852,72,0,4,6,24,TikTok,True,1,Writer
853,83,1,2,6,22,TikTok,False,5,Mixed
854,32,0,0,6,23,Instagram,True,3,ROM
855,36,0,2,7,19,Other,True,5,Mixed
856,75,0,2,6,26,Reddit,False,4,Mixed
857,33,1,3,6,14,Reddit,True,3,Writer
858,20,1,2,7,19,Facebook,True,3,Mixed
859,62,1,0,7,26,Facebook,False,5,ROM
860,72,1,2,6,20,Facebook,True,3,Mixed
861,83,0,2,7,26,Instagram,True,1,Mixed
862,80,0,2,7,19,Facebook,False,3,Mixed
863,24,0,1,7,27,Facebook,False,3,ROM
864,70,0,1,6,29,Facebook,True,2,ROM
865,75,0,1,6,21,Twitter,True,2,ROM
866,64,0,1,6,22,Facebook,False,3,ROM
867,73,0,1,5,24,Facebook,True,3,ROM
868,74,1,0,6,18,Twitter,True,4,ROM
869,47,0,0,7,16,Other,True,5,ROM
870,18,0,2,5,21,TikTok,False,3,Mixed
871,47,1,2,6,21,Instagram,True,4,Mixed
872,30,1,1,6,19,Instagram,True,5,ROM
873,23,0,1,6,18,Facebook,True,3,ROM
874,24,0,4,7,7,Twitter,True,3,Writer
875,64,0,2,6,18,TikTok,False,3,Mixed
876,51,0,1,6,16,Instagram,True,2,ROM
877,53,1,1,6,24,Instagram,True,4,ROM
878,68,1,1,4,23,Twitter,False,5,ROM
879,54,0,1,7,23,TikTok,True,5,ROM
880,60,0,1,6,21,Other,True,5,ROM
881,22,1,2,6,13,Reddit,True,4,Mixed
882,75,0,0,7,25,Facebook,False,2,ROM
883,47,1,2,7,23,TikTok,False,3,Mixed
884,26,0,2,3,19,Instagram,False,2,Mixed
885,72,1,1,6,30,Facebook,True,5,ROM
886,67,1,0,7,16,Reddit,True,3,ROM
887,19,1,2,6,17,Twitter,True,4,Mixed
888,29,1,1,5,15,Other,False,2,ROM
889,17,0,0,5,18,Instagram,True,5,ROM
890,34,1,1,6,20,Instagram,True,5,ROM
891,22,1,2,7,19,Facebook,False,5,Mixed
892,65,0,2,6,23,Reddit,True,4,Mixed
893,52,0,1,6,15,Twitter,True,1,ROM
894,84,1,2,4,15,TikTok,True,4,Mixed
895,68,1,1,6,17,Instagram,True,5,ROM
896,58,1,1,6,20,TikTok,False,2,ROM
897,51,0,0,7,16,Facebook,True,1,ROM
898,19,1,2,6,18,Instagram,False,5,Mixed
899,20,1,1,7,20,TikTok,True,3,ROM
900,59,1,2,7,18,TikTok,True,5,Mixed
901,16,0,2,4,18,Facebook,False,2,Mixed
902,18,1,0,6,19,Instagram,False,3,ROM
903,31,0,1,5,21,Instagram,True,4,ROM
904,77,1,1,5,20,Other,False,4,ROM
905,48,0,0,6,20,Facebook,False,4,ROM
906,65,1,1,7,20,TikTok,False,3,ROM
907,44,1,0,6,21,Facebook,True,5,ROM
908,28,1,0,7,24,TikTok,True,4,ROM
909,41,0,0,5,16,Instagram,True,3,ROM
910,22,0,0,7,22,Facebook,True,2,ROM
911,69,1,1,7,19,Facebook,True,2,ROM
912,28,1,4,7,22,Instagram,True,5,Writer
913,42,0,1,5,15,Instagram,True,5,ROM
914,84,0,3,4,21,Facebook,True,3,Writer
915,57,1,0,6,22,Reddit,True,4,ROM
916,48,1,1,6,27,Facebook,True,2,ROM
917,54,0,3,0,7,Instagram,True,4,Writer
918,70,0,2,7,15,Other,True,2,Mixed
919,33,0,2,6,15,Instagram,False,5,Mixed
920,60,0,2,7,14,Instagram,True,3,Mixed
921,77,1,4,4,13,Other,True,5,Writer
922,56,1,2,7,24,TikTok,True,3,Mixed
923,47,1,0,7,22,Reddit,True,4,ROM
924,26,1,2,6,17,TikTok,True,5,Mixed
925,33,1,2,7,19,Facebook,True,5,Mixed
926,82,1,2,7,20,Instagram,True,5,Mixed
927,53,1,1,5,26,Twitter,False,3,ROM
928,37,0,1,7,17,Reddit,True,5,ROM
929,45,1,0,7,17,Reddit,True,3,ROM
930,56,1,1,3,21,Twitter,True,4,ROM
931,53,0,1,7,19,Twitter,True,3,ROM
932,64,0,1,6,28,Instagram,True,2,ROM
933,34,0,2,6,16,Twitter,False,3,Mixed
934,61,0,1,6,23,Reddit,True,5,ROM
935,46,0,6,7,21,Instagram,True,4,Writer
936,81,1,1,6,20,Twitter,True,3,ROM
937,27,1,1,7,18,Reddit,True,2,ROM
938,26,0,0,6,21,Facebook,False,1,ROM
939,48,1,1,7,24,Facebook,True,3,ROM
940,51,1,1,5,14,Twitter,True,3,ROM
941,64,1,5,6,14,Instagram,True,4,Writer
942,44,1,1,6,10,Instagram,False,5,ROM
943,79,1,0,6,25,Instagram,True,3,ROM
944,49,1,0,4,18,Instagram,False,3,ROM
945,25,0,0,7,19,Instagram,False,4,ROM
946,24,0,1,7,12,Twitter,False,3,ROM
947,84,1,1,7,19,Instagram,True,1,ROM
948,25,0,5,6,13,Other,False,3,Writer
949,82,1,0,7,21,Instagram,True,4,ROM
950,35,0,2,6,18,Twitter,False,3,Mixed
951,22,0,1,6,20,Reddit,True,4,ROM
952,37,1,2,7,29,Instagram,True,3,Mixed
953,59,0,1,5,18,Facebook,True,2,ROM
954,45,0,0,6,24,TikTok,False,1,ROM
955,70,0,0,6,17,Facebook,False,3,ROM
956,58,0,1,6,13,Instagram,True,3,ROM
957,44,0,3,7,17,TikTok,True,5,Writer
958,60,1,2,4,12,Facebook,False,3,Mixed
959,84,0,0,7,23,Twitter,False,2,ROM
960,44,0,1,3,12,Instagram,False,4,ROM
961,26,0,1,7,11,Instagram,True,2,ROM
962,44,1,0,7,29,TikTok,True,2,ROM
963,74,0,0,7,20,Twitter,False,3,ROM
964,31,1,2,6,12,Instagram,True,4,Mixed
965,82,0,1,6,24,Facebook,True,5,ROM
966,57,1,1,6,18,Reddit,True,5,ROM
967,58,0,2,6,23,Instagram,True,4,Mixed
968,38,0,3,7,15,Instagram,False,1,Writer
969,80,1,2,6,19,Twitter,True,1,Mixed
970,18,1,0,7,22,Facebook,True,2,ROM
971,36,1,4,7,21,Facebook,True,2,Writer
972,45,0,0,7,24,Reddit,False,4,ROM
973,49,0,2,7,19,Instagram,False,3,Mixed
974,49,1,0,6,23,Twitter,True,4,ROM
975,26,1,0,6,23,Twitter,False,5,ROM
976,31,1,2,2,15,Twitter,True,4,Mixed
977,22,1,0,7,20,Facebook,False,3,ROM
978,56,0,0,6,14,TikTok,False,3,ROM
979,40,0,4,7,20,Twitter,True,4,Writer
980,55,1,0,7,23,TikTok,False,3,ROM
981,57,0,1,7,19,Instagram,True,5,ROM
982,65,1,3,5,24,Facebook,True,5,Writer
983,54,0,1,2,9,Twitter,True,4,ROM
984,61,1,1,4,25,Facebook,False,4,ROM
985,57,0,0,6,20,Instagram,True,5,ROM
986,61,0,2,7,21,Other,True,3,Mixed
987,59,1,2,7,20,Reddit,True,3,Mixed
988,38,0,1,5,11,TikTok,False,4,ROM
989,33,0,1,7,19,Reddit,True,1,ROM
990,71,1,2,6,22,Instagram,True,2,Mixed
991,39,1,0,7,25,Facebook,True,3,ROM
992,54,0,1,6,18,Twitter,False,4,ROM
993,29,1,3,5,8,Reddit,True,4,Writer
994,46,1,0,6,15,Instagram,True,2,ROM
995,53,1,4,1,22,Instagram,False,3,Writer
996,59,0,2,6,14,Facebook,True,3,Mixed
997,52,1,1,6,26,Instagram,True,3,ROM
998,41,1,1,6,16,TikTok,False,5,ROM
999,83,0,2,7,20,Instagram,True,4,Mixed
1000,51,0,0,5,21,Facebook,True,5,ROM
1001,72,0,1,6,17,Reddit,True,2,ROM
1002,67,1,1,6,28,Facebook,False,4,ROM
1003,55,0,2,6,19,Instagram,False,4,Mixed
1004,78,0,3,6,21,Instagram,True,3,Writer
1005,24,1,4,6,16,Instagram,True,5,Writer
1006,80,0,1,7,24,Instagram,True,4,ROM
1007,75,1,3,5,26,Facebook,True,2,Writer
1008,51,1,0,7,22,Twitter,True,5,ROM
1009,67,1,1,7,29,Instagram,True,5,ROM
1010,52,0,2,5,15,Instagram,True,3,Mixed
1011,34,1,1,4,21,Reddit,False,3,ROM
1012,71,1,1,7,25,Instagram,True,2,ROM
1013,33,1,3,7,15,Twitter,True,4,Writer
1014,38,1,2,6,20,Facebook,True,5,Mixed
1015,52,1,1,7,22,Instagram,True,4,ROM
1016,74,0,3,7,17,Reddit,True,3,Writer
1017,42,1,4,6,20,Instagram,True,3,Writer
1018,50,1,1,7,22,Facebook,True,1,ROM
1019,18,0,1,6,17,Facebook,True,5,ROM
1020,24,1,2,6,18,TikTok,False,5,Mixed
1021,19,0,4,4,13,Facebook,False,4,Writer
1022,21,1,1,6,18,TikTok,False,3,ROM
1023,76,1,1,6,22,Twitter,True,5,ROM
1024,74,1,3,6,18,Facebook,False,5,Writer
1025,73,1,1,6,32,TikTok,True,4,ROM
1026,19,1,1,5,12,Facebook,True,4,ROM
1027,21,0,2,6,15,Facebook,True,2,Mixed
1028,35,1,0,6,18,Instagram,True,2,ROM
1029,55,0,1,7,29,Instagram,True,3,ROM
1030,39,0,0,7,15,Twitter,True,4,ROM
1031,50,1,0,7,24,Instagram,False,2,ROM
1032,28,1,2,6,20,Twitter,True,4,Mixed
1033,67,1,1,5,22,Instagram,False,3,ROM
1034,37,1,0,6,25,Facebook,False,3,ROM
1035,20,1,1,4,22,TikTok,True,5,ROM
1036,67,0,1,6,18,Facebook,True,2,ROM
1037,79,0,0,5,21,Facebook,True,3,ROM
1038,17,1,0,0,5,Instagram,True,1,ROM
1039,46,0,0,4,17,Instagram,False,4,ROM
1040,73,0,1,3,14,Facebook,False,3,ROM
1041,65,1,1,6,21,TikTok,False,3,ROM
1042,75,0,5,7,12,TikTok,True,2,Writer
1043,45,0,0,6,21,Facebook,False,1,ROM
1044,42,0,1,7,13,TikTok,False,5,ROM
1045,65,0,1,7,22,TikTok,True,1,ROM
1046,26,1,1,7,16,TikTok,True,4,ROM
1047,32,1,2,7,17,TikTok,True,5,Mixed
1048,58,0,1,4,22,Instagram,True,5,ROM
1049,62,1,0,3,21,Instagram,False,2,ROM
1050,24,1,2,6,23,Twitter,True,1,Mixed
1051,51,0,1,6,25,Facebook,True,2,ROM
1052,41,1,3,6,16,TikTok,False,5,Writer
1053,51,1,0,3,24,Twitter,True,2,ROM
1054,83,0,0,7,17,Instagram,True,3,ROM
1055,21,1,0,5,22,TikTok,False,5,ROM
1056,85,1,6,7,18,Instagram,False,2,Writer
1057,47,0,3,7,15,TikTok,False,5,Writer
1058,70,1,0,6,25,Instagram,True,2,ROM
1059,45,1,1,5,23,Twitter,False,5,ROM
1060,37,1,1,7,25,Twitter,False,2,ROM
1061,69,0,1,6,21,Instagram,False,5,ROM
1062,64,1,0,6,22,Instagram,True,5,ROM
1063,26,1,1,7,23,Instagram,True,1,ROM
1064,65,1,3,4,19,Twitter,False,5,Writer
1065,68,1,2,6,23,Twitter,False,3,Mixed
1066,43,0,3,6,18,TikTok,True,5,Writer
1067,80,1,4,7,24,Instagram,True,1,Writer
1068,60,0,2,6,12,Twitter,False,3,Mixed
1069,39,1,1,7,21,Instagram,True,4,ROM
1070,16,1,0,5,13,Reddit,True,4,ROM
1071,63,0,1,3,17,TikTok,True,1,ROM
1072,30,1,1,4,24,Other,True,4,ROM
1073,68,1,4,6,18,Reddit,False,2,Writer
1074,52,0,0,5,19,Twitter,True,4,ROM
1075,48,1,1,7,25,Facebook,True,4,ROM
1076,27,0,4,7,9,Twitter,False,1,Writer
1077,65,0,6,6,15,Reddit,False,5,Writer
1078,27,1,1,6,21,Twitter,True,5,ROM
1079,45,1,1,7,10,Twitter,True,1,ROM
1080,74,1,1,6,18,Reddit,False,1,ROM
1081,80,1,2,6,26,TikTok,True,3,Mixed
1082,85,1,1,7,27,Other,True,5,ROM
1083,83,0,1,7,23,Instagram,True,4,ROM
1084,54,1,1,7,25,Instagram,True,3,ROM
1085,30,0,1,5,18,Twitter,False,4,ROM
1086,74,1,0,6,25,Twitter,True,1,ROM
1087,72,1,6,7,18,Facebook,True,3,Writer
1088,85,1,2,7,23,Instagram,True,3,Mixed
1089,61,0,6,6,14,TikTok,True,4,Writer
1090,25,1,7,7,21,Instagram,True,3,Writer
1091,51,1,1,7,28,Facebook,False,5,ROM
1092,47,0,1,5,23,Reddit,True,5,ROM
1093,75,0,2,6,18,Facebook,True,2,Mixed
1094,43,1,1,7,18,Twitter,True,3,ROM
1095,39,0,4,7,23,Instagram,False,1,Writer
1096,21,1,1,3,18,Instagram,True,3,ROM
1097,74,1,1,7,24,TikTok,False,1,ROM
1098,68,1,1,6,19,Facebook,False,5,ROM
1099,18,1,0,6,21,Instagram,True,5,ROM
1100,46,1,1,6,16,Other,False,4,ROM
1101,49,0,6,6,18,Facebook,True,3,Writer
1102,48,1,1,5,25,TikTok,False,5,ROM
1103,80,0,1,5,26,Twitter,False,4,ROM
1104,26,0,1,6,21,Other,True,3,ROM
1105,37,0,1,6,13,Instagram,True,5,ROM
1106,28,0,0,6,19,Instagram,True,4,ROM
1107,33,0,2,6,26,Reddit,True,1,Mixed
1108,79,0,0,7,19,Reddit,False,4,ROM
1109,81,1,0,7,24,Facebook,False,5,ROM
1110,19,1,0,6,25,Instagram,True,3,ROM
1111,60,1,2,7,24,Twitter,False,4,Mixed
1112,32,0,2,6,27,TikTok,False,4,Mixed
1113,29,1,1,5,15,TikTok,True,4,ROM
1114,36,0,2,6,14,Twitter,True,2,Mixed
1115,29,1,3,6,23,Instagram,False,5,Writer
1116,50,0,0,6,15,Facebook,False,3,ROM
1117,85,1,1,5,20,TikTok,False,5,ROM
1118,57,1,0,6,21,Twitter,True,5,ROM
1119,66,1,0,6,26,Facebook,True,3,ROM
1120,50,1,0,6,24,Other,True,3,ROM
1121,16,1,2,7,21,Instagram,True,4,Mixed
1122,21,1,1,6,17,Facebook,True,3,ROM
1123,34,1,1,5,23,Facebook,False,3,ROM
1124,33,1,1,6,36,Facebook,True,4,ROM
1125,74,1,3,7,24,Reddit,False,5,Writer
1126,75,1,1,6,22,Facebook,True,3,ROM
1127,75,1,2,7,17,Facebook,True,2,Mixed
1128,60,1,1,7,20,Instagram,False,3,ROM
1129,54,1,0,6,21,TikTok,False,4,ROM
1130,61,1,1,7,20,Instagram,True,1,ROM
1131,44,1,3,7,20,Instagram,False,3,Writer
1132,62,0,1,5,26,Facebook,True,3,ROM
1133,71,0,7,4,20,Facebook,True,5,Writer
1134,69,0,1,6,19,Other,True,4,ROM
1135,58,1,2,6,15,TikTok,False,4,Mixed
1136,20,0,3,3,19,TikTok,True,3,Writer
1137,66,1,1,6,21,Twitter,False,5,ROM
1138,41,0,1,5,11,Facebook,True,5,ROM
1139,68,0,1,6,23,Other,True,4,ROM
1140,53,0,3,4,20,Twitter,False,3,Writer
1141,77,0,2,7,11,TikTok,True,4,Mixed
1142,39,1,2,5,15,Facebook,True,2,Mixed
1143,81,0,0,7,22,Instagram,True,5,ROM
1144,75,0,1,5,22,Facebook,True,3,ROM
1145,39,1,2,7,18,Instagram,True,4,Mixed
1146,49,0,1,7,17,Instagram,True,2,ROM
1147,53,1,4,5,21,Instagram,True,3,Writer
1148,69,0,0,7,20,Instagram,True,4,ROM
1149,64,0,1,5,21,Twitter,True,4,ROM
1150,75,1,0,7,19,Reddit,True,4,ROM
1151,41,0,1,6,13,Twitter,True,1,ROM
1152,51,1,0,7,25,TikTok,True,1,ROM
1153,46,0,6,7,18,Facebook,False,3,Writer
1154,79,0,2,7,25,Instagram,True,4,Mixed
1155,37,0,1,7,17,Instagram,True,4,ROM
1156,57,0,1,7,17,Reddit,True,3,ROM
1157,24,1,1,7,26,Facebook,True,4,ROM
1158,75,1,0,7,18,Reddit,True,1,ROM
1159,42,1,2,6,25,Twitter,False,3,Mixed
1160,39,1,0,7,27,TikTok,True,5,ROM
1161,56,1,0,4,23,TikTok,True,2,ROM
1162,50,1,1,4,16,Other,False,5,ROM
1163,75,1,1,7,20,Instagram,True,3,ROM
1164,53,1,0,6,21,Other,False,3,ROM
1165,52,0,3,6,13,Twitter,False,4,Writer
1166,23,1,1,6,15,TikTok,True,1,ROM
1167,17,0,4,7,19,Facebook,True,2,Writer
1168,43,1,0,6,23,Facebook,True,2,ROM
1169,85,1,0,5,18,Twitter,False,2,ROM
1170,80,1,0,7,27,TikTok,True,5,ROM
1171,60,1,0,5,22,Instagram,False,3,ROM
1172,60,1,2,6,26,Facebook,True,2,Mixed
1173,43,1,2,5,21,Facebook,True,4,Mixed
1174,28,1,1,6,24,TikTok,True,1,ROM
1175,16,1,0,5,20,Facebook,True,3,ROM
1176,39,0,1,4,20,Facebook,True,2,ROM
1177,38,1,1,6,15,Facebook,False,5,ROM
1178,29,0,2,6,17,Facebook,True,2,Mixed
1179,34,1,0,3,17,Facebook,False,2,ROM
1180,17,0,2,1,10,TikTok,False,2,Mixed
1181,58,0,2,6,21,TikTok,True,3,Mixed
1182,80,0,1,4,21,Facebook,True,4,ROM
1183,64,0,0,7,23,Instagram,True,5,ROM
1184,47,1,0,6,20,Facebook,True,3,ROM
1185,45,0,0,4,14,Instagram,False,5,ROM
1186,37,1,1,6,24,Instagram,False,2,ROM
1187,25,0,3,5,17,TikTok,False,3,Writer
1188,57,0,2,7,16,Twitter,True,3,Mixed
1189,55,1,0,5,19,Facebook,True,4,ROM
1190,16,0,1,5,9,Other,True,3,ROM
1191,45,1,2,6,20,Instagram,False,5,Mixed
1192,35,0,6,6,14,Instagram,True,3,Writer
1193,27,0,0,7,17,Instagram,True,3,ROM
1194,65,1,1,5,27,Instagram,True,4,ROM
1195,52,0,3,6,13,TikTok,True,1,Writer
1196,60,0,0,7,24,TikTok,True,4,ROM
1197,65,1,0,4,28,Facebook,True,3,ROM
1198,84,1,1,6,27,Instagram,False,2,ROM
1199,72,1,1,6,22,Facebook,False,3,ROM
1200,59,0,1,6,15,Instagram,True,3,ROM
1201,77,1,1,7,18,Facebook,False,2,ROM
1202,49,0,2,7,18,Facebook,True,5,Mixed
1203,84,0,1,5,17,Instagram,False,3,ROM
1204,69,1,2,7,19,TikTok,True,3,Mixed
1205,61,1,2,3,16,TikTok,True,2,Mixed
1206,79,0,1,7,21,Twitter,True,5,ROM
1207,52,0,1,5,20,Facebook,True,2,ROM
1208,66,1,3,5,14,Facebook,True,3,Writer
1209,35,1,0,6,18,Instagram,False,3,ROM
1210,83,1,1,7,23,Instagram,False,3,ROM
1211,59,0,2,6,18,Facebook,True,5,Mixed
1212,70,1,1,6,29,Reddit,True,5,ROM
1213,48,0,1,5,19,Facebook,False,1,ROM
1214,76,1,0,3,12,Facebook,True,4,ROM
1215,21,0,1,6,19,Facebook,True,3,ROM
1216,23,1,4,6,19,Twitter,True,5,Writer
1217,51,1,0,5,20,Instagram,True,5,ROM
1218,67,0,0,6,16,Twitter,True,4,ROM
1219,72,0,3,7,27,Reddit,True,4,Writer
1220,46,1,7,4,11,TikTok,True,3,Writer
1221,61,1,1,2,19,Reddit,False,4,ROM
1222,54,1,7,5,17,Instagram,False,4,Writer
1223,83,1,1,7,26,Facebook,False,4,ROM
1224,61,1,1,6,28,Facebook,True,5,ROM
1225,45,0,2,6,20,Instagram,False,4,Mixed
1226,83,1,6,6,17,Instagram,False,2,Writer
1227,23,0,1,6,22,TikTok,True,3,ROM
1228,84,1,1,3,16,Facebook,True,3,ROM
1229,26,1,4,6,18,Facebook,True,3,Writer
1230,36,0,4,6,11,Instagram,True,3,Writer
1231,73,1,3,6,16,Facebook,False,3,Writer
1232,67,0,2,6,19,Instagram,False,2,Mixed
1233,83,1,2,5,22,Instagram,False,2,Mixed
1234,68,0,1,6,13,Facebook,False,2,ROM
1235,60,0,0,6,22,Twitter,True,1,ROM
1236,40,0,1,5,14,Other,False,3,ROM
1237,16,1,2,7,24,Facebook,False,2,Mixed
1238,24,1,1,6,18,Instagram,True,5,ROM
1239,36,1,1,6,15,Instagram,True,2,ROM
1240,18,0,0,6,18,TikTok,True,3,ROM
1241,51,1,2,6,16,Instagram,True,5,Mixed
1242,70,1,1,7,28,Instagram,True,3,ROM
1243,83,1,1,6,22,Twitter,True,4,ROM
1244,50,1,2,7,20,Instagram,True,3,Mixed
1245,77,1,0,4,23,Facebook,True,3,ROM
1246,84,1,3,7,18,Facebook,True,2,Writer
1247,76,1,1,7,18,Instagram,False,4,ROM
1248,48,0,3,7,20,TikTok,False,3,Writer
1249,38,1,0,4,14,Twitter,False,3,ROM
1250,84,1,0,6,18,Facebook,True,2,ROM
1251,32,0,0,6,22,Instagram,True,3,ROM
1252,44,0,0,7,23,Facebook,False,3,ROM
1253,21,1,2,5,12,Instagram,True,3,Mixed
1254,71,0,0,4,16,Facebook,False,4,ROM
1255,61,0,5,7,14,Instagram,False,3,Writer
1256,21,0,1,7,26,Other,True,5,ROM
1257,31,0,2,7,22,Instagram,True,5,Mixed
1258,54,0,5,2,11,Reddit,True,5,Writer
1259,53,1,1,7,24,Reddit,True,5,ROM
1260,72,1,2,5,15,Twitter,True,3,Mixed
1261,34,0,0,5,15,Twitter,False,3,ROM
1262,80,0,0,4,19,Twitter,True,2,ROM
1263,47,1,1,6,22,Other,True,4,ROM
1264,73,1,2,7,22,Facebook,True,3,Mixed
1265,32,0,2,7,20,Facebook,True,2,Mixed
1266,18,1,3,6,18,Instagram,True,3,Writer
1267,19,0,3,6,16,TikTok,False,2,Writer
1268,42,1,1,6,19,Instagram,True,5,ROM
1269,82,0,1,6,19,Instagram,False,3,ROM
1270,19,0,1,6,18,Instagram,True,5,ROM
1271,41,0,0,6,21,Facebook,True,5,ROM
1272,23,0,2,6,18,Reddit,False,2,Mixed
1273,81,0,3,7,16,TikTok,False,3,Writer
1274,63,0,2,7,16,Instagram,False,1,Mixed
1275,69,0,1,6,22,Twitter,True,5,ROM
1276,65,1,1,2,23,TikTok,False,5,ROM
1277,61,0,1,6,20,Facebook,True,1,ROM
1278,70,1,1,6,20,Instagram,True,4,ROM
1279,16,0,1,5,17,Twitter,False,5,ROM
1280,76,0,0,2,12,Facebook,True,3,ROM
1281,67,1,0,7,28,Other,False,3,ROM
1282,67,1,0,7,24,Facebook,True,3,ROM
1283,43,1,0,7,19,Instagram,True,5,ROM
1284,72,0,1,6,19,TikTok,True,2,ROM
1285,42,1,1,7,19,Instagram,False,5,ROM
1286,19,1,1,4,22,Reddit,False,4,ROM
1287,79,0,0,3,17,Twitter,True,4,ROM
1288,32,0,3,7,19,Instagram,True,5,Writer
1289,23,1,0,2,17,Facebook,True,3,ROM
1290,59,1,1,6,18,Instagram,True,5,ROM
1291,32,0,1,7,20,Instagram,False,1,ROM
1292,76,0,0,4,20,Facebook,True,5,ROM
1293,47,0,0,6,13,TikTok,True,3,ROM
1294,16,1,0,5,19,TikTok,True,4,ROM
1295,82,1,0,6,23,Twitter,True,4,ROM
1296,52,1,1,7,22,Instagram,False,3,ROM
1297,34,0,0,6,19,Facebook,False,2,ROM
1298,63,1,0,7,24,Twitter,True,5,ROM
1299,53,1,1,5,25,Instagram,False,2,ROM
1300,18,0,0,5,12,Reddit,True,4,ROM
1301,69,0,2,7,19,Other,False,2,Mixed
1302,44,0,1,5,20,Instagram,True,5,ROM
1303,64,1,1,6,23,TikTok,True,5,ROM
1304,78,1,3,3,19,Facebook,False,4,Writer
1305,58,1,0,7,34,Instagram,True,5,ROM
1306,63,1,1,7,25,Facebook,False,3,ROM
1307,33,0,1,6,23,Instagram,True,3,ROM
1308,32,1,0,7,20,Instagram,True,5,ROM
1309,45,0,1,6,15,Other,False,4,ROM
1310,75,0,0,7,21,Facebook,True,2,ROM
1311,52,0,3,5,20,Instagram,True,3,Writer
1312,40,1,2,6,21,Facebook,True,1,Mixed
1313,70,1,6,6,20,Other,True,4,Writer
1314,75,1,1,4,19,Twitter,False,5,ROM
1315,79,1,4,1,14,Reddit,True,2,Writer
1316,36,1,0,6,20,Reddit,False,2,ROM
1317,65,1,1,4,22,Twitter,True,3,ROM
1318,57,0,1,6,23,Facebook,True,3,ROM
1319,47,1,2,5,15,Facebook,True,3,Mixed
1320,43,0,4,5,19,TikTok,True,4,Writer
1321,24,1,2,6,16,Twitter,False,5,Mixed
1322,35,1,0,6,22,Instagram,True,5,ROM
1323,54,1,1,6,20,Instagram,True,2,ROM
1324,78,1,1,5,27,Facebook,False,3,ROM
1325,76,1,0,6,21,TikTok,True,3,ROM
1326,29,0,1,7,20,TikTok,True,1,ROM
1327,63,1,1,5,22,Facebook,False,5,ROM
1328,21,1,0,5,15,Instagram,True,2,ROM
1329,63,0,1,5,18,Instagram,False,3,ROM
1330,39,1,0,5,18,TikTok,False,5,ROM
1331,47,0,2,5,15,Facebook,True,4,Mixed
1332,66,1,0,7,21,TikTok,True,2,ROM
1333,45,0,1,5,22,Instagram,True,5,ROM
1334,72,1,0,7,21,Twitter,False,5,ROM
1335,53,1,3,6,22,Reddit,True,3,Writer
1336,85,0,0,6,23,Instagram,False,5,ROM
1337,60,0,3,6,13,Instagram,True,5,Writer
1338,36,1,0,6,23,Facebook,True,2,ROM
1339,70,0,0,5,14,Facebook,True,3,ROM
1340,44,1,1,6,23,Other,True,5,ROM
1341,53,1,1,7,20,Reddit,True,1,ROM
1342,25,1,5,7,18,TikTok,True,4,Writer
1343,24,0,1,5,11,Instagram,False,5,ROM
1344,56,1,0,6,22,Facebook,True,4,ROM
1345,29,0,1,6,22,Reddit,False,5,ROM
1346,85,1,1,4,17,Twitter,True,5,ROM
1347,75,0,1,6,18,Other,False,1,ROM
1348,65,0,5,3,16,Facebook,True,5,Writer
1349,67,1,0,6,24,Instagram,False,5,ROM
1350,57,1,1,4,9,Facebook,True,5,ROM
1351,20,1,3,6,26,Facebook,True,4,Writer
1352,43,0,2,5,19,Instagram,True,3,Mixed
1353,50,1,0,7,25,Twitter,True,2,ROM
1354,80,0,2,7,20,TikTok,True,5,Mixed
1355,31,1,0,5,12,Instagram,True,5,ROM
1356,50,0,2,7,22,Twitter,False,2,Mixed
1357,40,1,3,6,17,Facebook,True,4,Writer
1358,25,1,2,6,21,TikTok,True,1,Mixed
1359,23,0,0,3,14,Facebook,False,5,ROM
1360,41,1,1,7,22,Other,False,5,ROM
1361,21,0,0,5,14,Reddit,True,3,ROM
1362,20,1,1,6,23,Facebook,True,4,ROM
1363,40,1,2,1,9,Instagram,True,3,Mixed
1364,30,0,0,4,25,TikTok,True,5,ROM
1365,54,0,4,6,26,Instagram,True,5,Writer
1366,17,0,0,5,23,TikTok,False,2,ROM
1367,37,1,0,7,27,Facebook,False,4,ROM
1368,47,1,0,5,20,Twitter,True,2,ROM
1369,83,1,1,7,28,Facebook,True,2,ROM
1370,60,0,0,5,19,Facebook,True,1,ROM
1371,77,1,1,6,16,Reddit,True,5,ROM
1372,40,1,3,6,25,Instagram,True,5,Writer
1373,47,1,1,4,23,Reddit,True,5,ROM
1374,45,1,0,7,22,Instagram,True,4,ROM
1375,78,1,0,6,18,TikTok,False,5,ROM
1376,83,1,2,6,19,Reddit,True,5,Mixed
1377,83,0,0,7,15,Twitter,True,5,ROM
1378,68,0,1,6,24,Instagram,True,3,ROM
1379,51,1,4,6,12,TikTok,True,2,Writer
1380,53,0,1,6,20,TikTok,True,4,ROM
1381,84,0,2,6,17,Twitter,True,3,Mixed
1382,35,1,1,7,15,Facebook,True,3,ROM
1383,40,1,1,3,18,TikTok,False,5,ROM
1384,78,1,0,7,22,Instagram,False,2,ROM
1385,43,1,0,4,22,Facebook,True,2,ROM
1386,32,0,0,7,15,Twitter,True,4,ROM
1387,55,0,1,6,16,Instagram,True,3,ROM
1388,38,1,2,6,10,TikTok,True,3,Mixed
1389,78,0,0,7,14,Twitter,False,4,ROM
1390,79,1,3,6,28,Reddit,True,2,Writer
1391,37,0,1,6,27,Facebook,False,3,ROM
1392,53,0,1,5,18,Facebook,False,5,ROM
1393,84,1,3,6,18,Twitter,True,2,Writer
1394,67,1,1,6,20,Twitter,True,5,ROM
1395,31,0,1,7,23,TikTok,True,2,ROM
1396,57,0,1,2,13,Facebook,True,3,ROM
1397,59,1,0,7,24,TikTok,True,5,ROM
1398,61,1,0,6,22,Twitter,False,1,ROM
1399,17,1,2,6,16,Instagram,True,5,Mixed
1400,36,0,5,6,14,Instagram,True,1,Writer
1401,75,0,0,7,23,TikTok,True,1,ROM
1402,32,0,1,6,14,Twitter,True,5,ROM
1403,36,0,0,6,21,Facebook,True,4,ROM
1404,38,0,2,7,17,Facebook,False,5,Mixed
1405,28,0,1,6,18,Twitter,True,3,ROM
1406,26,1,0,7,27,Facebook,True,2,ROM
1407,40,0,5,5,14,Facebook,True,1,Writer
1408,77,1,4,7,25,Other,True,3,Writer
1409,16,1,2,6,11,Instagram,True,3,Mixed
1410,35,0,1,7,18,Facebook,False,1,ROM
1411,20,0,1,7,19,Instagram,True,4,ROM
1412,55,0,1,4,25,TikTok,False,1,ROM
1413,33,1,1,6,12,Facebook,False,3,ROM
1414,71,0,1,6,20,Twitter,True,5,ROM
1415,56,1,0,5,26,TikTok,True,3,ROM
1416,70,1,3,6,17,Facebook,False,4,Writer
1417,60,1,1,6,20,Instagram,False,2,ROM
1418,46,0,1,6,20,Facebook,True,2,ROM
1419,76,1,2,6,22,Instagram,True,2,Mixed
1420,49,0,2,6,25,Reddit,True,5,Mixed
1421,82,1,0,7,26,TikTok,False,3,ROM
1422,85,1,0,6,28,TikTok,False,2,ROM
1423,57,0,1,3,15,Reddit,False,3,ROM
1424,63,1,3,7,18,TikTok,True,5,Writer
1425,33,0,3,5,15,Twitter,True,3,Writer
1426,73,0,1,7,17,Instagram,False,4,ROM
1427,63,1,2,4,20,Twitter,True,5,Mixed
1428,79,0,0,7,21,Reddit,False,4,ROM
1429,34,0,2,6,15,Reddit,True,2,Mixed
1430,71,0,1,6,22,TikTok,False,2,ROM
1431,48,0,0,2,10,Instagram,False,3,ROM
1432,28,0,1,7,22,Instagram,True,2,ROM
1433,27,0,1,5,15,Reddit,True,3,ROM
1434,55,1,4,6,24,Instagram,False,2,Writer
1435,38,0,5,5,13,Facebook,True,5,Writer
1436,23,0,1,6,20,Twitter,False,3,ROM
1437,45,0,3,7,19,Twitter,True,5,Writer
1438,61,0,1,6,23,Facebook,True,5,ROM
1439,38,1,1,7,22,Other,True,3,ROM
1440,82,0,0,7,16,TikTok,False,3,ROM
1441,70,0,0,6,25,Facebook,False,4,ROM
1442,51,1,1,7,21,Twitter,False,2,ROM
1443,81,1,1,4,23,Reddit,False,3,ROM
1444,46,0,1,6,22,Facebook,True,1,ROM
1445,25,1,0,6,17,Facebook,False,2,ROM
1446,18,0,0,6,14,Facebook,True,3,ROM
1447,81,1,2,6,24,Instagram,True,5,Mixed
1448,83,1,2,6,20,Instagram,True,4,Mixed
1449,67,0,1,6,24,Reddit,True,2,ROM
1450,23,0,1,5,16,Facebook,False,4,ROM
1451,36,0,0,5,22,Instagram,True,4,ROM
1452,18,0,3,7,19,Instagram,False,4,Writer
1453,19,0,1,4,16,Other,False,4,ROM
1454,33,0,2,6,16,Facebook,True,3,Mixed
1455,56,0,0,4,19,Facebook,True,4,ROM
1456,20,0,2,6,22,Instagram,False,2,Mixed
1457,84,0,2,4,18,Other,True,1,Mixed
1458,47,1,1,7,24,Reddit,False,2,ROM
1459,34,1,5,5,16,Facebook,True,2,Writer
1460,52,0,1,6,20,Twitter,True,2,ROM
1461,71,0,3,7,27,Facebook,True,3,Writer
1462,37,0,3,4,20,TikTok,True,3,Writer
1463,19,1,3,4,16,TikTok,True,3,Writer
1464,19,0,1,7,20,Other,True,3,ROM
1465,75,1,0,7,21,Facebook,True,5,ROM
1466,23,0,0,5,16,Twitter,False,1,ROM
1467,60,0,2,5,19,Facebook,True,4,Mixed
1468,42,0,1,5,21,TikTok,True,5,ROM
1469,70,0,1,7,24,Instagram,True,2,ROM
1470,20,1,1,7,16,Instagram,True,5,ROM
1471,78,1,0,7,28,TikTok,True,5,ROM
1472,64,0,1,6,19,Twitter,False,1,ROM
1473,47,0,4,7,14,TikTok,True,3,Writer
1474,30,1,1,7,26,Instagram,False,2,ROM
1475,84,1,0,6,29,Twitter,True,5,ROM
1476,37,1,3,7,21,Instagram,True,1,Writer
1477,50,1,2,5,22,Facebook,True,4,Mixed
1478,43,1,5,7,22,TikTok,False,3,Writer
1479,32,1,0,4,23,Facebook,False,4,ROM
1480,45,0,0,7,24,Facebook,True,5,ROM
1481,26,1,3,7,14,Instagram,False,4,Writer
1482,16,1,1,7,28,TikTok,True,3,ROM
1483,36,1,1,5,23,Other,True,3,ROM
1484,23,1,2,6,17,TikTok,False,3,Mixed
1485,45,0,1,2,10,Instagram,True,2,ROM
1486,76,1,0,7,26,Facebook,True,3,ROM
1487,27,0,2,5,15,Instagram,True,5,Mixed
1488,16,0,1,7,20,Instagram,False,3,ROM
1489,23,1,0,6,23,Instagram,True,4,ROM
1490,51,0,2,7,17,Instagram,False,2,Mixed
1491,35,0,0,6,14,Instagram,True,5,ROM
1492,50,1,0,7,24,TikTok,False,4,ROM
1493,18,1,1,6,17,Instagram,True,3,ROM
1494,39,0,0,6,20,TikTok,True,5,ROM
1495,44,0,1,7,15,Reddit,True,4,ROM
1496,46,0,7,7,15,Facebook,True,3,Writer
1497,54,0,5,7,20,Facebook,True,4,Writer
1498,70,1,0,7,26,TikTok,False,5,ROM
1499,48,0,1,5,15,Instagram,True,2,ROM
1500,74,1,2,7,18,Twitter,True,4,Mixed
1501,53,1,0,5,20,Facebook,False,5,ROM
1502,34,0,1,5,19,TikTok,True,5,ROM
1503,32,0,0,7,22,TikTok,True,2,ROM
1504,38,0,1,4,14,TikTok,True,3,ROM
1505,57,1,2,6,21,Facebook,True,2,Mixed
1506,32,1,2,5,24,Facebook,True,3,Mixed
1507,79,0,0,6,22,TikTok,False,3,ROM
1508,49,0,0,6,13,Reddit,True,3,ROM
1509,76,0,3,5,19,Facebook,True,4,Writer
1510,63,0,0,4,26,Other,True,5,ROM
1511,39,1,1,6,15,Reddit,True,5,ROM
1512,31,1,3,7,19,Facebook,True,4,Writer
1513,68,1,0,6,21,Instagram,False,3,ROM
1514,39,1,0,7,22,Instagram,True,4,ROM
1515,33,1,2,6,20,TikTok,True,1,Mixed
1516,81,0,0,6,26,Instagram,False,4,ROM
1517,49,1,1,7,22,Facebook,False,5,ROM
1518,19,1,3,7,24,Facebook,False,5,Writer
1519,50,0,1,7,20,Reddit,False,3,ROM
1520,48,1,3,6,18,TikTok,True,4,Writer
1521,76,1,1,6,19,TikTok,True,2,ROM
1522,65,0,2,4,10,Twitter,False,1,Mixed
1523,29,1,3,3,16,Instagram,False,2,Writer
1524,26,0,0,5,26,Facebook,False,3,ROM
1525,58,0,3,6,20,Instagram,True,2,Writer
1526,19,1,0,7,24,Facebook,False,1,ROM
1527,38,0,1,6,17,Other,True,2,ROM
1528,25,0,0,6,17,Facebook,True,2,ROM
1529,17,0,2,4,19,Facebook,True,3,Mixed
1530,80,0,1,6,29,Facebook,True,3,ROM
1531,22,0,2,7,24,TikTok,False,5,Mixed
1532,16,0,3,6,19,Twitter,True,3,Writer
1533,81,0,1,3,17,Facebook,False,4,ROM
1534,29,1,0,7,22,Instagram,True,2,ROM
1535,73,0,3,5,15,Facebook,True,3,Writer
1536,18,0,4,7,11,Instagram,True,3,Writer
1537,26,0,3,7,13,Facebook,True,5,Writer
1538,23,1,0,4,18,TikTok,False,5,ROM
1539,65,1,2,6,19,Instagram,True,1,Mixed
1540,59,1,2,6,14,Facebook,True,4,Mixed
1541,49,1,1,7,22,Instagram,True,3,ROM
1542,32,1,0,6,19,Instagram,True,5,ROM
1543,22,1,2,6,14,Instagram,True,4,Mixed
1544,55,1,2,7,20,Instagram,False,4,Mixed
1545,32,0,0,7,19,Other,True,4,ROM
1546,57,1,1,5,17,Other,True,5,ROM
1547,64,0,0,7,25,TikTok,False,5,ROM
1548,75,1,4,6,12,Facebook,False,3,Writer
1549,50,1,1,3,9,TikTok,True,4,ROM
1550,16,1,1,7,20,Reddit,True,4,ROM
1551,35,0,1,7,20,Facebook,False,3,ROM
1552,75,1,2,6,23,Instagram,True,3,Mixed
1553,53,0,2,5,15,TikTok,True,4,Mixed
1554,59,0,0,5,15,Other,False,4,ROM
1555,48,1,1,4,18,Instagram,False,4,ROM
1556,27,0,1,7,17,Facebook,False,3,ROM
1557,78,1,1,6,28,Twitter,True,5,ROM
1558,70,1,2,4,17,Twitter,False,5,Mixed
1559,85,1,1,5,21,TikTok,True,2,ROM
1560,75,1,1,6,32,Twitter,False,5,ROM
1561,36,0,0,7,19,Reddit,False,4,ROM
1562,33,0,1,6,20,TikTok,True,3,ROM
1563,33,0,2,7,21,Instagram,True,4,Mixed
1564,80,1,2,5,23,TikTok,True,3,Mixed
1565,54,0,1,4,18,TikTok,False,1,ROM
1566,47,1,0,5,21,Facebook,True,2,ROM
1567,83,1,4,7,22,Facebook,False,5,Writer
1568,58,1,1,6,19,TikTok,True,2,ROM
1569,79,0,1,6,22,Twitter,True,5,ROM
1570,84,0,0,6,30,Instagram,True,2,ROM
1571,21,1,2,5,22,Twitter,False,3,Mixed
1572,41,0,1,6,20,Instagram,True,3,ROM
1573,67,0,0,5,23,Facebook,True,4,ROM
1574,72,0,0,6,17,Instagram,True,5,ROM
1575,26,0,1,7,18,Facebook,False,3,ROM
1576,38,0,0,4,20,Facebook,False,3,ROM
1577,54,0,1,6,25,TikTok,True,2,ROM
1578,71,0,2,7,17,Facebook,True,4,Mixed
1579,23,1,2,4,14,Reddit,True,1,Mixed
1580,58,0,0,5,28,Reddit,True,2,ROM
1581,36,1,1,7,21,Instagram,False,2,ROM
1582,31,0,3,6,24,Facebook,True,5,Writer
1583,52,1,0,4,20,Instagram,True,3,ROM
1584,44,1,1,6,21,TikTok,False,3,ROM
1585,60,1,1,6,20,Facebook,True,1,ROM
1586,38,1,0,5,23,Instagram,True,2,ROM
1587,73,1,2,6,26,Instagram,True,4,Mixed
1588,21,1,0,5,14,Twitter,True,5,ROM
1589,76,1,0,6,21,TikTok,True,4,ROM
1590,18,1,0,6,23,TikTok,True,5,ROM
1591,67,0,1,6,19,Instagram,True,3,ROM
1592,40,0,1,5,15,Twitter,True,4,ROM
1593,42,0,2,5,21,Twitter,False,5,Mixed
1594,17,1,2,6,23,Facebook,True,2,Mixed
1595,65,1,0,6,20,Instagram,True,2,ROM
1596,27,0,0,6,19,Twitter,True,4,ROM
1597,62,1,1,6,16,Reddit,True,2,ROM
1598,66,1,2,7,18,Facebook,True,5,Mixed
1599,75,0,5,7,19,TikTok,True,4,Writer
1600,65,0,0,4,18,Facebook,False,5,ROM
1601,37,1,3,5,14,Facebook,True,3,Writer
1602,67,0,0,5,16,Facebook,False,4,ROM
1603,73,1,1,6,17,Instagram,True,3,ROM
1604,38,0,2,7,21,Instagram,True,2,Mixed
1605,24,1,0,6,12,Other,True,1,ROM
1606,78,1,0,7,20,Reddit,True,3,ROM
1607,26,0,0,6,11,TikTok,False,2,ROM
1608,57,1,1,7,24,Instagram,False,1,ROM
1609,32,0,1,6,11,Instagram,False,4,ROM
1610,24,1,6,2,13,Instagram,True,3,Writer
1611,70,0,1,7,28,Reddit,False,3,ROM
1612,26,0,0,6,25,TikTok,True,3,ROM
1613,62,1,1,6,14,Facebook,True,3,ROM
1614,64,0,0,7,23,Other,True,5,ROM
1615,20,1,2,7,16,Instagram,True,4,Mixed
1616,28,1,2,7,15,Facebook,True,1,Mixed
1617,71,1,0,7,23,Instagram,False,2,ROM
1618,51,0,0,6,25,Twitter,True,2,ROM
1619,24,0,0,7,22,Reddit,True,5,ROM
1620,85,0,0,6,19,Reddit,True,3,ROM
1621,34,0,1,5,20,Instagram,False,3,ROM
1622,16,0,1,7,10,Instagram,False,3,ROM
1623,80,1,0,7,21,Facebook,True,5,ROM
1624,17,0,2,4,11,Instagram,True,5,Mixed
1625,54,0,1,5,18,Facebook,True,5,ROM
1626,85,1,1,7,23,Facebook,True,3,ROM
1627,56,0,1,7,20,Instagram,False,4,ROM
1628,56,1,2,5,18,Instagram,False,5,Mixed
1629,43,1,3,4,17,Instagram,False,4,Writer
1630,24,1,3,6,20,Reddit,True,3,Writer
1631,56,1,1,6,21,Twitter,False,3,ROM
1632,78,1,1,7,22,Facebook,False,5,ROM
1633,22,0,0,6,20,Twitter,True,2,ROM
1634,77,0,1,6,24,TikTok,True,2,ROM
1635,45,0,1,4,14,Instagram,True,3,ROM
1636,53,1,1,7,22,Instagram,True,3,ROM
1637,27,1,2,6,23,TikTok,False,3,Mixed
1638,59,1,3,6,15,TikTok,False,1,Writer
1639,28,0,1,7,26,Instagram,True,3,ROM
1640,35,1,2,5,13,Twitter,True,3,Mixed
1641,66,0,1,7,20,Other,True,5,ROM
1642,19,0,0,7,16,Instagram,True,5,ROM
1643,47,0,1,5,27,Instagram,True,1,ROM
1644,57,0,1,7,19,Twitter,True,5,ROM
1645,25,1,0,6,18,Instagram,False,1,ROM
1646,36,0,0,7,19,Facebook,False,2,ROM
1647,40,0,0,6,20,Facebook,False,4,ROM
1648,62,0,2,6,18,Facebook,True,4,Mixed
1649,84,0,1,5,19,Facebook,False,4,ROM
1650,74,0,1,6,6,Twitter,True,4,ROM
1651,29,0,1,6,18,TikTok,True,2,ROM
1652,17,1,6,6,16,Instagram,True,5,Writer
1653,19,0,1,6,22,Twitter,True,2,ROM
1654,57,0,0,5,24,Facebook,True,5,ROM
1655,26,1,2,7,19,Twitter,True,4,Mixed
1656,32,0,0,6,22,Instagram,True,3,ROM
1657,75,1,1,6,17,Twitter,False,3,ROM
1658,77,0,1,7,25,TikTok,True,1,ROM
1659,74,1,1,4,17,Instagram,True,4,ROM
1660,33,1,0,5,14,TikTok,False,4,ROM
1661,59,0,1,5,18,TikTok,True,5,ROM
1662,58,1,2,7,27,Facebook,True,5,Mixed
1663,28,1,0,6,21,Instagram,False,1,ROM
1664,54,1,2,6,26,TikTok,True,3,Mixed
1665,52,1,3,6,16,Instagram,True,3,Writer
1666,43,0,1,6,23,Reddit,True,4,ROM
1667,68,0,2,6,17,TikTok,True,4,Mixed
1668,63,1,1,6,22,Instagram,False,3,ROM
1669,53,0,1,6,20,TikTok,True,3,ROM
1670,66,1,2,6,23,Facebook,True,3,Mixed
1671,69,0,1,7,22,Facebook,False,2,ROM
1672,55,1,3,5,16,Twitter,False,4,Writer
1673,34,1,4,4,19,Facebook,True,2,Writer
1674,69,1,1,6,28,TikTok,True,4,ROM
1675,66,0,0,6,18,Reddit,False,4,ROM
1676,84,1,0,1,10,Instagram,True,1,ROM
1677,26,1,1,5,20,Facebook,True,4,ROM
1678,45,0,0,5,17,Facebook,True,2,ROM
1679,80,0,1,7,21,Facebook,False,2,ROM
1680,52,1,4,5,20,Facebook,True,3,Writer
1681,81,0,2,7,19,Twitter,True,2,Mixed
1682,16,0,0,7,18,TikTok,False,5,ROM
1683,18,1,0,6,19,Twitter,True,4,ROM
1684,71,0,2,7,26,Instagram,True,5,Mixed
1685,41,1,5,6,18,Facebook,True,5,Writer
1686,52,0,2,6,14,Instagram,False,3,Mixed
1687,45,1,0,6,16,Instagram,True,5,ROM
1688,44,0,1,6,19,Instagram,False,4,ROM
1689,81,1,2,6,17,Facebook,True,2,Mixed
1690,22,1,1,4,11,Other,True,5,ROM
1691,70,0,1,5,21,Facebook,False,3,ROM
1692,78,1,7,7,22,Instagram,True,4,Writer
1693,62,0,2,7,19,TikTok,True,4,Mixed
1694,43,0,1,4,18,Instagram,False,4,ROM
1695,27,0,2,7,19,Other,True,5,Mixed
1696,63,1,0,7,25,Facebook,True,4,ROM
1697,48,0,3,6,20,Instagram,False,5,Writer
1698,26,1,1,6,9,Facebook,True,3,ROM
1699,41,1,2,6,19,Twitter,False,2,Mixed
1700,83,0,7,6,19,TikTok,True,5,Writer
1701,34,0,1,6,17,Instagram,True,5,ROM
1702,28,0,1,5,17,Reddit,False,2,ROM
1703,63,1,1,5,23,TikTok,True,3,ROM
1704,29,0,1,6,18,Reddit,False,2,ROM
1705,80,0,1,7,28,Reddit,False,3,ROM
1706,76,1,0,6,27,Instagram,False,5,ROM
1707,84,0,3,5,18,Facebook,True,3,Writer
1708,79,1,7,3,15,TikTok,True,5,Writer
1709,33,1,1,6,8,Twitter,False,1,ROM
1710,30,0,0,6,17,Instagram,True,3,ROM
1711,39,0,1,4,11,Instagram,False,3,ROM
1712,48,1,0,7,23,Instagram,False,2,ROM
1713,77,1,0,6,23,Reddit,True,1,ROM
1714,67,1,4,6,22,Facebook,True,4,Writer
1715,61,0,1,7,26,Facebook,True,4,ROM
1716,77,1,1,5,21,Other,True,4,ROM
1717,61,1,1,6,30,Instagram,True,2,ROM
1718,42,0,0,2,15,TikTok,True,1,ROM
1719,44,1,3,6,14,Instagram,False,1,Writer
1720,52,0,1,7,18,Instagram,True,3,ROM
1721,22,1,2,5,16,Instagram,True,1,Mixed
1722,67,0,1,6,22,Twitter,False,1,ROM
1723,61,1,2,5,16,Twitter,False,4,Mixed
1724,67,1,1,6,20,Facebook,False,4,ROM
1725,53,1,2,7,21,Instagram,True,4,Mixed
1726,70,0,1,7,19,Instagram,False,2,ROM
1727,82,0,0,7,26,Facebook,False,3,ROM
1728,55,1,0,7,25,Instagram,False,2,ROM
1729,47,1,1,7,26,TikTok,True,3,ROM
1730,23,0,0,3,13,Reddit,True,5,ROM
1731,70,1,0,7,28,TikTok,True,3,ROM
1732,79,1,1,6,17,Facebook,True,2,ROM
1733,64,0,1,7,15,Facebook,True,4,ROM
1734,76,1,2,6,16,Facebook,False,2,Mixed
1735,76,1,0,7,24,Reddit,True,3,ROM
1736,71,1,0,6,27,Other,False,5,ROM
1737,51,1,1,5,17,Twitter,True,2,ROM
1738,22,0,0,7,18,Facebook,False,5,ROM
1739,16,0,2,6,16,TikTok,True,3,Mixed
1740,30,0,2,7,21,Instagram,True,5,Mixed
1741,46,1,5,6,16,Facebook,True,5,Writer
1742,68,0,2,7,18,Facebook,False,4,Mixed
1743,47,1,1,6,15,TikTok,True,4,ROM
1744,17,0,2,5,13,Twitter,True,2,Mixed
1745,30,1,7,7,21,Instagram,False,5,Writer
1746,84,0,0,7,23,Instagram,True,2,ROM
1747,85,1,5,6,17,Facebook,True,5,Writer
1748,42,1,1,7,26,Reddit,True,5,ROM
1749,72,1,0,5,19,Reddit,True,4,ROM
1750,66,1,0,1,22,Twitter,True,4,ROM
1751,81,1,0,6,28,Instagram,True,4,ROM
1752,78,0,2,6,20,TikTok,True,3,Mixed
1753,60,0,2,7,14,TikTok,True,4,Mixed
1754,43,1,2,3,25,Facebook,False,2,Mixed
1755,59,0,1,6,21,Twitter,False,5,ROM
1756,38,0,1,6,17,Instagram,True,4,ROM
1757,40,0,2,6,22,TikTok,True,4,Mixed
1758,58,0,1,7,23,Facebook,True,4,ROM
1759,55,0,1,6,25,Twitter,False,4,ROM
1760,56,0,0,7,19,Reddit,True,5,ROM
1761,42,0,1,7,21,Facebook,False,5,ROM
1762,44,0,2,6,13,Reddit,True,3,Mixed
1763,16,1,1,7,23,Facebook,True,5,ROM
1764,58,1,0,6,22,Facebook,False,2,ROM
1765,56,1,0,6,23,Reddit,True,2,ROM
1766,81,0,2,7,20,Other,True,2,Mixed
1767,51,1,4,7,19,Other,True,3,Writer
1768,48,0,1,5,14,TikTok,True,4,ROM
1769,20,0,1,6,21,Facebook,True,3,ROM
1770,29,0,0,6,25,Instagram,False,5,ROM
1771,39,1,0,7,20,Twitter,True,2,ROM
1772,42,0,2,6,20,Reddit,True,2,Mixed
1773,41,0,6,7,18,Twitter,True,3,Writer
1774,43,1,1,6,20,TikTok,True,4,ROM
1775,69,0,1,6,14,Reddit,False,3,ROM
1776,25,1,2,5,12,Other,True,4,Mixed
1777,39,0,1,2,11,Reddit,True,4,ROM
1778,27,1,1,5,10,Facebook,True,5,ROM
1779,37,1,1,6,26,Facebook,False,5,ROM
1780,63,1,1,2,18,Other,False,3,ROM
1781,19,1,0,7,21,Instagram,True,5,ROM
1782,39,1,1,6,11,Instagram,True,5,ROM
1783,17,0,1,6,10,Other,False,3,ROM
1784,82,1,3,6,21,Facebook,False,4,Writer
1785,66,1,5,6,27,Facebook,True,1,Writer
1786,33,0,0,3,12,Instagram,False,3,ROM
1787,29,0,0,7,23,Facebook,True,3,ROM
1788,22,0,3,6,14,Reddit,True,4,Writer
1789,49,0,1,6,19,Facebook,True,4,ROM
1790,68,1,2,7,27,Twitter,True,5,Mixed
1791,56,0,0,7,20,Facebook,True,1,ROM
1792,77,1,0,7,21,Reddit,True,2,ROM
1793,40,0,1,6,24,Reddit,False,4,ROM
1794,35,0,1,4,16,Twitter,False,5,ROM
1795,49,0,1,6,23,Facebook,True,2,ROM
1796,30,0,3,6,14,Instagram,True,3,Writer
1797,84,0,2,6,26,Facebook,False,2,Mixed
1798,29,1,1,6,21,Instagram,True,3,ROM
1799,49,0,3,6,19,Facebook,True,1,Writer
1800,52,0,1,4,17,Facebook,False,2,ROM
1801,19,0,2,4,13,Twitter,True,2,Mixed
1802,48,1,2,6,20,Instagram,True,5,Mixed
1803,47,1,1,7,20,Instagram,False,4,ROM
1804,34,0,2,6,21,Instagram,True,3,Mixed
1805,24,1,4,7,17,TikTok,True,2,Writer
1806,19,1,3,6,12,Instagram,False,2,Writer
1807,16,1,1,6,12,Instagram,False,2,ROM
1808,49,0,0,6,13,Other,True,2,ROM
1809,22,1,0,6,22,Instagram,True,2,ROM
1810,83,1,2,6,17,Reddit,True,2,Mixed
1811,33,1,1,6,21,Facebook,True,4,ROM
1812,61,0,1,5,19,TikTok,True,4,ROM
1813,63,0,0,5,19,Facebook,True,5,ROM
1814,50,1,0,6,23,Instagram,True,5,ROM
1815,77,1,2,4,20,TikTok,False,3,Mixed
1816,23,0,0,3,4,TikTok,True,3,ROM
1817,32,1,0,7,20,Twitter,False,4,ROM
1818,33,0,1,4,18,TikTok,True,4,ROM
1819,25,1,2,6,25,Facebook,False,1,Mixed
1820,36,0,2,6,24,Reddit,True,1,Mixed
1821,37,1,1,7,16,TikTok,True,5,ROM
1822,69,0,1,6,19,Instagram,False,4,ROM
1823,37,1,3,6,12,Reddit,False,4,Writer
1824,77,0,3,1,20,Other,True,3,Writer
1825,70,0,1,5,23,TikTok,True,1,ROM
1826,79,0,3,6,21,Instagram,True,4,Writer
1827,23,1,4,5,17,TikTok,True,1,Writer
1828,84,1,2,6,27,Facebook,True,3,Mixed
1829,58,0,1,7,25,Twitter,False,5,ROM
1830,84,0,1,4,23,Reddit,True,2,ROM
1831,40,1,0,6,23,Facebook,True,5,ROM
1832,82,1,3,7,21,Reddit,True,4,Writer
1833,57,1,1,6,24,Facebook,False,1,ROM
1834,21,0,2,4,18,Instagram,True,2,Mixed
1835,44,0,2,5,16,Other,True,4,Mixed
1836,25,0,0,6,17,Facebook,True,4,ROM
1837,81,0,3,7,25,Facebook,False,3,Writer
1838,37,1,0,5,26,Twitter,True,3,ROM
1839,31,1,0,6,17,Instagram,True,3,ROM
1840,54,1,1,7,21,Facebook,True,5,ROM
1841,45,0,1,7,21,Twitter,False,3,ROM
1842,22,1,1,7,22,Reddit,True,1,ROM
1843,73,1,1,6,20,Other,True,4,ROM
1844,75,1,2,4,27,TikTok,True,1,Mixed
1845,68,1,1,5,22,Instagram,True,5,ROM
1846,59,0,2,7,22,TikTok,True,3,Mixed
1847,44,1,3,4,24,Instagram,True,3,Writer
1848,53,1,1,7,20,TikTok,True,5,ROM
1849,52,0,1,5,18,Facebook,True,4,ROM
1850,27,1,1,6,14,Reddit,True,4,ROM
1851,21,1,1,7,20,Twitter,True,1,ROM
1852,33,1,3,7,13,Instagram,True,4,Writer
1853,47,0,0,7,24,Other,True,5,ROM
1854,27,1,2,6,20,Facebook,True,4,Mixed
1855,23,0,1,5,15,Reddit,True,2,ROM
1856,75,0,1,6,20,Reddit,False,4,ROM
1857,42,0,4,4,18,Facebook,False,2,Writer
1858,56,1,1,6,16,Facebook,True,4,ROM
1859,52,0,1,7,21,Facebook,True,2,ROM
1860,67,1,0,5,24,TikTok,False,4,ROM
1861,67,1,1,6,14,Other,False,5,ROM
1862,36,0,0,6,22,Twitter,True,3,ROM
1863,75,1,1,5,14,TikTok,True,2,ROM
1864,41,1,1,2,15,Instagram,False,3,ROM
1865,74,1,1,6,17,Facebook,False,2,ROM
1866,44,1,4,6,24,TikTok,False,2,Writer
1867,23,1,7,6,11,Reddit,True,4,Writer
1868,69,0,0,5,13,Twitter,True,2,ROM
1869,18,0,3,5,16,Twitter,False,5,Writer
1870,70,1,0,7,22,Instagram,True,4,ROM
1871,19,0,1,7,13,Instagram,True,4,ROM
1872,30,1,5,6,19,Twitter,False,3,Writer
1873,58,1,1,7,14,Reddit,True,4,ROM
1874,81,1,4,6,16,Twitter,True,3,Writer
1875,44,1,2,6,17,Twitter,True,2,Mixed
1876,24,1,1,7,24,TikTok,True,4,ROM
1877,32,1,1,5,24,Instagram,True,3,ROM
1878,78,1,1,6,26,Instagram,True,5,ROM
1879,66,0,2,7,20,Reddit,True,1,Mixed
1880,23,1,1,7,11,Instagram,True,5,ROM
1881,42,1,1,7,23,Twitter,True,5,ROM
1882,34,1,6,7,23,Facebook,False,5,Writer
1883,28,0,0,6,24,Instagram,True,5,ROM
1884,75,1,1,7,25,Instagram,False,5,ROM
1885,59,0,1,6,15,Instagram,True,3,ROM
1886,28,1,1,6,17,Twitter,True,5,ROM
1887,61,1,0,6,29,Reddit,False,5,ROM
1888,44,0,0,4,11,Twitter,False,5,ROM
1889,20,1,0,6,15,Twitter,True,2,ROM
1890,47,1,0,7,26,Twitter,True,4,ROM
1891,28,1,2,6,17,Other,False,2,Mixed
1892,33,0,1,7,15,Instagram,True,1,ROM
1893,77,0,0,6,27,Reddit,True,3,ROM
1894,65,0,0,6,22,Twitter,True,3,ROM
1895,25,0,1,6,16,Other,True,2,ROM
1896,75,1,0,7,19,Twitter,False,5,ROM
1897,56,0,0,5,27,Instagram,True,1,ROM
1898,77,1,2,6,21,Facebook,False,3,Mixed
1899,68,0,2,6,25,Instagram,False,5,Mixed
1900,39,1,0,4,22,TikTok,False,3,ROM
1901,53,1,0,6,19,Facebook,True,1,ROM
1902,53,0,2,6,17,Facebook,True,4,Mixed
1903,66,1,1,7,28,Instagram,True,2,ROM
1904,33,0,1,6,24,TikTok,True,2,ROM
1905,39,1,1,7,14,Twitter,True,2,ROM
1906,33,0,2,6,20,Other,False,4,Mixed
1907,36,0,5,6,15,TikTok,True,5,Writer
1908,27,1,1,6,15,Facebook,True,2,ROM
1909,18,0,5,5,15,Reddit,False,4,Writer
1910,81,0,0,7,17,Facebook,False,5,ROM
1911,21,0,1,7,17,Facebook,True,2,ROM
1912,78,1,0,6,19,Instagram,False,3,ROM
1913,16,0,1,7,17,Facebook,True,5,ROM
1914,70,0,2,6,19,Twitter,False,4,Mixed
1915,38,1,0,5,15,Instagram,True,2,ROM
1916,52,1,0,7,29,TikTok,True,5,ROM
1917,35,1,2,7,22,Instagram,True,3,Mixed
1918,50,0,1,6,26,Facebook,True,5,ROM
1919,47,1,0,7,22,Instagram,False,2,ROM
1920,53,0,2,7,17,Twitter,True,4,Mixed
1921,43,0,2,7,26,Reddit,True,3,Mixed
1922,53,1,0,7,20,Instagram,True,5,ROM
1923,73,1,4,6,19,Facebook,True,4,Writer
1924,46,0,0,4,20,Facebook,False,5,ROM
1925,41,1,0,6,16,Reddit,True,3,ROM
1926,25,0,1,6,21,Instagram,False,3,ROM
1927,41,0,0,7,23,TikTok,False,3,ROM
1928,24,0,1,7,24,Facebook,True,4,ROM
1929,28,1,1,4,21,Twitter,False,4,ROM
1930,82,0,5,7,24,Twitter,True,1,Writer
1931,22,0,4,4,13,Twitter,True,3,Writer
1932,49,1,1,7,18,Facebook,True,5,ROM
1933,74,0,0,0,22,Instagram,True,1,ROM
1934,82,0,1,7,16,Twitter,True,4,ROM
1935,26,0,2,7,13,Facebook,True,3,Mixed
1936,27,1,3,2,16,Facebook,False,4,Writer
1937,42,1,4,5,24,Instagram,True,3,Writer
1938,54,1,1,5,20,Twitter,False,2,ROM
1939,83,1,0,3,23,Twitter,True,4,ROM
1940,30,1,3,6,10,Facebook,True,4,Writer
1941,27,0,0,7,18,Reddit,True,3,ROM
1942,33,1,2,6,12,Facebook,True,3,Mixed
1943,77,0,0,7,25,Facebook,True,2,ROM
1944,18,1,0,6,13,Instagram,False,5,ROM
1945,42,1,4,6,13,Other,False,1,Writer
1946,24,1,1,7,22,Twitter,True,1,ROM
1947,26,1,3,6,22,Twitter,True,5,Writer
1948,80,0,1,7,21,Instagram,True,1,ROM
1949,16,0,1,5,18,Instagram,True,3,ROM
1950,38,0,1,6,21,TikTok,True,2,ROM
1951,80,1,3,6,20,Instagram,False,4,Writer
1952,58,0,1,6,15,Instagram,False,1,ROM
1953,21,1,1,7,23,Instagram,True,4,ROM
1954,48,0,1,4,19,Other,True,5,ROM
1955,83,1,1,7,27,TikTok,True,5,ROM
1956,44,1,0,7,23,Reddit,False,2,ROM
1957,53,1,1,7,17,Reddit,True,3,ROM
1958,53,1,0,6,24,Reddit,True,2,ROM
1959,62,1,0,7,23,Facebook,True,5,ROM
1960,29,0,5,5,13,Instagram,False,3,Writer
1961,74,0,0,6,20,Twitter,False,4,ROM
1962,85,0,2,7,18,Instagram,True,4,Mixed
1963,25,1,1,7,24,TikTok,True,2,ROM
1964,73,0,0,5,14,Instagram,False,5,ROM
1965,73,1,2,3,14,Instagram,True,2,Mixed
1966,67,0,0,7,20,Facebook,True,2,ROM
1967,41,1,3,7,26,Instagram,False,5,Writer
1968,48,1,1,6,25,Instagram,True,1,ROM
1969,74,0,0,6,14,Instagram,True,1,ROM
1970,26,1,1,4,22,Facebook,True,3,ROM
1971,74,1,1,6,27,Instagram,False,1,ROM
1972,80,0,1,3,12,Instagram,False,3,ROM
1973,63,1,0,5,11,Instagram,True,4,ROM
1974,39,0,1,6,18,TikTok,False,5,ROM
1975,55,1,0,6,26,Instagram,False,3,ROM
1976,19,0,3,5,22,Instagram,False,3,Writer
1977,81,0,1,5,16,Reddit,True,5,ROM
1978,39,0,1,6,26,Reddit,True,3,ROM
1979,19,0,4,7,8,Instagram,False,5,Writer
1980,71,0,0,6,19,Instagram,True,4,ROM
1981,62,0,0,5,17,Instagram,True,4,ROM
1982,59,1,0,7,27,TikTok,True,3,ROM
1983,19,1,4,5,21,Instagram,False,4,Writer
1984,68,0,2,6,23,Reddit,True,5,Mixed
1985,60,1,5,7,14,TikTok,True,1,Writer
1986,71,1,0,6,26,Facebook,True,4,ROM
1987,73,1,0,5,23,Instagram,True,5,ROM
1988,30,0,0,6,12,Reddit,True,4,ROM
1989,30,1,2,6,11,TikTok,True,5,Mixed
1990,80,0,0,6,25,TikTok,True,5,ROM
1991,53,0,3,3,14,Instagram,False,2,Writer
1992,46,0,1,7,15,TikTok,True,4,ROM
1993,36,1,3,7,19,TikTok,False,5,Writer
1994,60,0,1,6,21,Other,True,2,ROM
1995,68,0,0,6,20,Facebook,True,2,ROM
1996,16,1,2,6,12,Facebook,True,3,Mixed
1997,54,0,1,5,26,Twitter,True,4,ROM
1998,85,1,0,6,27,TikTok,True,2,ROM
1999,35,0,0,7,19,Reddit,True,3,ROM
2000,35,1,1,2,14,Facebook,False,4,ROM
